frame,player_id,distance,team,rank
1000,home_120,0.4539928127798147,home,1
1000,home_616,0.4539928127798147,home,2
1000,home_688,0.4539928127798147,home,3
1000,away_485,0.4539928127798147,away,4
1000,away_674,0.4539928127798147,away,5
1001,home_120,0.4715569421378039,home,1
1001,home_616,0.4715569421378039,home,2
1001,home_688,0.4715569421378039,home,3
1001,away_485,0.4715569421378039,away,4
1001,away_674,0.4715569421378039,away,5
1002,home_120,0.4831454843186536,home,1
1002,home_616,0.4831454843186536,home,2
1002,home_688,0.4831454843186536,home,3
1002,away_485,0.4831454843186536,away,4
1002,away_674,0.4831454843186536,away,5
1003,home_120,0.49036811061124963,home,1
1003,home_616,0.49036811061124963,home,2
1003,home_688,0.49036811061124963,home,3
1003,away_485,0.49036811061124963,away,4
1003,away_674,0.49036811061124963,away,5
1004,home_120,0.49517729002804056,home,1
1004,home_616,0.49517729002804056,home,2
1004,home_688,0.49517729002804056,home,3
1004,away_485,0.49517729002804056,away,4
1004,away_674,0.49517729002804056,away,5
1005,home_120,0.5032549713053476,home,1
1005,home_616,0.5032549713053476,home,2
1005,home_688,0.5032549713053476,home,3
1005,away_485,0.5032549713053476,away,4
1005,away_674,0.5032549713053476,away,5
1006,home_120,0.5487697016499298,home,1
1006,home_616,0.5487697016499298,home,2
1006,home_688,0.5487697016499298,home,3
1006,away_485,0.5487697016499298,away,4
1006,away_674,0.5487697016499298,away,5
1007,home_120,0.5710928561254693,home,1
1007,home_616,0.5710928561254693,home,2
1007,home_688,0.5710928561254693,home,3
1007,away_485,0.5710928561254693,away,4
1007,away_674,0.5710928561254693,away,5
1008,home_120,0.5746254681848015,home,1
1008,home_616,0.5746254681848015,home,2
1008,home_688,0.5746254681848015,home,3
1008,away_485,0.5746254681848015,away,4
1008,away_674,0.5746254681848015,away,5
1009,home_120,0.6079441993135499,home,1
1009,home_616,0.6079441993135499,home,2
1009,home_688,0.6079441993135499,home,3
1009,away_485,0.6079441993135499,away,4
1009,away_674,0.6079441993135499,away,5
1010,home_120,0.6083231977490073,home,1
1010,home_616,0.6083231977490073,home,2
1010,home_688,0.6083231977490073,home,3
1010,away_485,0.6083231977490073,away,4
1010,away_674,0.6083231977490073,away,5
1011,home_120,0.60645864060527,home,1
1011,home_616,0.60645864060527,home,2
1011,home_688,0.60645864060527,home,3
1011,away_485,0.60645864060527,away,4
1011,away_674,0.60645864060527,away,5
1012,home_120,0.6046530748168256,home,1
1012,home_616,0.6046530748168256,home,2
1012,home_688,0.6046530748168256,home,3
1012,away_485,0.6046530748168256,away,4
1012,away_674,0.6046530748168256,away,5
1013,home_120,0.6023785647709358,home,1
1013,home_616,0.6023785647709358,home,2
1013,home_688,0.6023785647709358,home,3
1013,away_485,0.6023785647709358,away,4
1013,away_674,0.6023785647709358,away,5
1014,home_120,0.6025373409623844,home,1
1014,home_616,0.6025373409623844,home,2
1014,home_688,0.6025373409623844,home,3
1014,away_485,0.6025373409623844,away,4
1014,away_674,0.6025373409623844,away,5
1015,home_120,0.6026484842969023,home,1
1015,home_616,0.6026484842969023,home,2
1015,home_688,0.6026484842969023,home,3
1015,away_485,0.6026484842969023,away,4
1015,away_674,0.6026484842969023,away,5
1016,home_120,0.6027262846313115,home,1
1016,home_616,0.6027262846313115,home,2
1016,home_688,0.6027262846313115,home,3
1016,away_485,0.6027262846313115,away,4
1016,away_674,0.6027262846313115,away,5
1017,home_120,0.6027807448655188,home,1
1017,home_616,0.6027807448655188,home,2
1017,home_688,0.6027807448655188,home,3
1017,away_485,0.6027807448655188,away,4
1017,away_674,0.6027807448655188,away,5
1018,home_120,0.6028188909246065,home,1
1018,home_616,0.6028188909246065,home,2
1018,home_688,0.6028188909246065,home,3
1018,away_485,0.6028188909246065,away,4
1018,away_674,0.6028188909246065,away,5
1019,home_120,0.6028458792463627,home,1
1019,home_616,0.6028458792463627,home,2
1019,home_688,0.6028458792463627,home,3
1019,away_485,0.6028458792463627,away,4
1019,away_674,0.6028458792463627,away,5
1020,home_120,0.683377071791992,home,1
1020,home_616,0.683377071791992,home,2
1020,home_688,0.683377071791992,home,3
1020,away_485,0.683377071791992,away,4
1020,away_674,0.683377071791992,away,5
1021,home_120,0.7155194025675452,home,1
1021,home_616,0.7155194025675452,home,2
1021,home_688,0.7155194025675452,home,3
1021,away_485,0.7155194025675452,away,4
1021,away_674,0.7155194025675452,away,5
1022,home_120,0.6550864518248656,home,1
1022,home_616,0.6550864518248656,home,2
1022,home_688,0.6550864518248656,home,3
1022,away_485,0.6550864518248656,away,4
1022,away_674,0.6550864518248656,away,5
1023,home_120,0.6486298902245689,home,1
1023,home_616,0.6486298902245689,home,2
1023,home_688,0.6486298902245689,home,3
1023,away_485,0.6486298902245689,away,4
1023,away_674,0.6486298902245689,away,5
1024,home_120,0.7560821289774292,home,1
1024,home_616,0.7560821289774292,home,2
1024,home_688,0.7560821289774292,home,3
1024,away_485,0.7560821289774292,away,4
1024,away_674,0.7560821289774292,away,5
1025,home_120,0.8128211808500773,home,1
1025,home_616,0.8128211808500773,home,2
1025,home_688,0.8128211808500773,home,3
1025,away_485,0.8128211808500773,away,4
1025,away_674,0.8128211808500773,away,5
1026,home_120,0.852464096978544,home,1
1026,home_616,0.852464096978544,home,2
1026,home_688,0.852464096978544,home,3
1026,away_485,0.852464096978544,away,4
1026,away_674,0.852464096978544,away,5
1027,home_120,0.8781467667635895,home,1
1027,home_616,0.8781467667635895,home,2
1027,home_688,0.8781467667635895,home,3
1027,away_485,0.8781467667635895,away,4
1027,away_674,0.8781467667635895,away,5
1028,home_120,0.8999442189080659,home,1
1028,home_616,0.8999442189080659,home,2
1028,home_688,0.8999442189080659,home,3
1028,away_485,0.8999442189080659,away,4
1028,away_674,0.8999442189080659,away,5
1029,home_120,0.9012211558854536,home,1
1029,home_616,0.9012211558854536,home,2
1029,home_688,0.9012211558854536,home,3
1029,away_485,0.9012211558854536,away,4
1029,away_674,0.9012211558854536,away,5
1030,home_120,0.9015763892986859,home,1
1030,home_616,0.9015763892986859,home,2
1030,home_688,0.9015763892986859,home,3
1030,away_485,0.9015763892986859,away,4
1030,away_674,0.9015763892986859,away,5
1031,home_120,0.9019059379135195,home,1
1031,home_616,0.9019059379135195,home,2
1031,home_688,0.9019059379135195,home,3
1031,away_485,0.9019059379135195,away,4
1031,away_674,0.9019059379135195,away,5
1032,home_120,0.8587568107806185,home,1
1032,home_616,0.8587568107806185,home,2
1032,home_688,0.8587568107806185,home,3
1032,away_485,0.8587568107806185,away,4
1032,away_674,0.8587568107806185,away,5
1033,home_120,0.8564363248590052,home,1
1033,home_616,0.8564363248590052,home,2
1033,home_688,0.8564363248590052,home,3
1033,away_485,0.8564363248590052,away,4
1033,away_674,0.8564363248590052,away,5
1034,home_120,0.851029678394831,home,1
1034,home_616,0.851029678394831,home,2
1034,home_688,0.851029678394831,home,3
1034,away_485,0.851029678394831,away,4
1034,away_674,0.851029678394831,away,5
1035,home_120,0.8460419652973743,home,1
1035,home_616,0.8460419652973743,home,2
1035,home_688,0.8460419652973743,home,3
1035,away_485,0.8460419652973743,away,4
1035,away_674,0.8460419652973743,away,5
1036,home_120,0.8405570896504944,home,1
1036,home_616,0.8405570896504944,home,2
1036,home_688,0.8405570896504944,home,3
1036,away_485,0.8405570896504944,away,4
1036,away_674,0.8405570896504944,away,5
1037,home_120,0.875435309830221,home,1
1037,home_616,0.875435309830221,home,2
1037,home_688,0.875435309830221,home,3
1037,away_485,0.875435309830221,away,4
1037,away_674,0.875435309830221,away,5
1038,home_120,1.0174717708610412,home,1
1038,home_616,1.0174717708610412,home,2
1038,home_688,1.0174717708610412,home,3
1038,away_485,1.0174717708610412,away,4
1038,away_674,1.0174717708610412,away,5
1039,home_120,1.039287928952041,home,1
1039,home_616,1.039287928952041,home,2
1039,home_688,1.039287928952041,home,3
1039,away_485,1.039287928952041,away,4
1039,away_674,1.039287928952041,away,5
1040,home_120,0.9787295723801087,home,1
1040,home_616,0.9787295723801087,home,2
1040,home_688,0.9787295723801087,home,3
1040,away_485,0.9787295723801087,away,4
1040,away_674,0.9787295723801087,away,5
1041,home_120,0.9637567821342565,home,1
1041,home_616,0.9637567821342565,home,2
1041,home_688,0.9637567821342565,home,3
1041,away_485,0.9637567821342565,away,4
1041,away_674,0.9637567821342565,away,5
1042,home_120,0.9493792922302267,home,1
1042,home_616,0.9493792922302267,home,2
1042,home_688,0.9493792922302267,home,3
1042,away_485,0.9493792922302267,away,4
1042,away_674,0.9493792922302267,away,5
1043,home_120,0.9362675540517643,home,1
1043,home_616,0.9362675540517643,home,2
1043,home_688,0.9362675540517643,home,3
1043,away_485,0.9362675540517643,away,4
1043,away_674,0.9362675540517643,away,5
1044,home_120,0.9288030350267996,home,1
1044,home_616,0.9288030350267996,home,2
1044,home_688,0.9288030350267996,home,3
1044,away_485,0.9288030350267996,away,4
1044,away_674,0.9288030350267996,away,5
1045,home_120,1.042495507483181,home,1
1045,home_616,1.042495507483181,home,2
1045,home_688,1.042495507483181,home,3
1045,away_485,1.042495507483181,away,4
1045,away_674,1.042495507483181,away,5
1046,home_120,1.109852251085832,home,1
1046,home_616,1.109852251085832,home,2
1046,home_688,1.109852251085832,home,3
1046,away_485,1.109852251085832,away,4
1046,away_674,1.109852251085832,away,5
1047,home_120,1.1475792809263472,home,1
1047,home_616,1.1475792809263472,home,2
1047,home_688,1.1475792809263472,home,3
1047,away_485,1.1475792809263472,away,4
1047,away_674,1.1475792809263472,away,5
1048,home_120,1.340762799400978,home,1
1048,home_616,1.340762799400978,home,2
1048,home_688,1.340762799400978,home,3
1048,away_485,1.340762799400978,away,4
1048,away_674,1.340762799400978,away,5
1049,home_120,1.4683123035617651,home,1
1049,home_616,1.4683123035617651,home,2
1049,home_688,1.4683123035617651,home,3
1049,away_485,1.4683123035617651,away,4
1049,away_674,1.4683123035617651,away,5
1050,home_120,1.5356873241345137,home,1
1050,home_616,1.5356873241345137,home,2
1050,home_688,1.5356873241345137,home,3
1050,away_485,1.5356873241345137,away,4
1050,away_674,1.5356873241345137,away,5
1051,home_120,1.748265406505848,home,1
1051,home_616,1.748265406505848,home,2
1051,home_688,1.748265406505848,home,3
1051,away_485,1.748265406505848,away,4
1051,away_674,1.748265406505848,away,5
1052,home_120,1.8743843892483751,home,1
1052,home_616,1.8743843892483751,home,2
1052,home_688,1.8743843892483751,home,3
1052,away_485,1.8743843892483751,away,4
1052,away_674,1.8743843892483751,away,5
1053,home_120,1.9590939986674365,home,1
1053,home_616,1.9590939986674365,home,2
1053,home_688,1.9590939986674365,home,3
1053,away_485,1.9590939986674365,away,4
1053,away_674,1.9590939986674365,away,5
1054,home_120,2.108045918785613,home,1
1054,home_616,2.108045918785613,home,2
1054,home_688,2.108045918785613,home,3
1054,away_485,2.108045918785613,away,4
1054,away_674,2.108045918785613,away,5
1055,home_120,2.28636128149053,home,1
1055,home_616,2.28636128149053,home,2
1055,home_688,2.28636128149053,home,3
1055,away_485,2.28636128149053,away,4
1055,away_674,2.28636128149053,away,5
1056,home_120,2.425566355697086,home,1
1056,home_616,2.425566355697086,home,2
1056,home_688,2.425566355697086,home,3
1056,away_485,2.425566355697086,away,4
1056,away_674,2.425566355697086,away,5
1057,home_120,2.8513966886948046,home,1
1057,home_616,2.8513966886948046,home,2
1057,home_688,2.8513966886948046,home,3
1057,away_485,2.8513966886948046,away,4
1057,away_674,2.8513966886948046,away,5
1058,home_120,3.2700867702036955,home,1
1058,home_616,3.2700867702036955,home,2
1058,home_688,3.2700867702036955,home,3
1058,away_485,3.2700867702036955,away,4
1058,away_674,3.2700867702036955,away,5
1059,home_120,3.5333310803198152,home,1
1059,home_616,3.5333310803198152,home,2
1059,home_688,3.5333310803198152,home,3
1059,away_485,3.5333310803198152,away,4
1059,away_674,3.5333310803198152,away,5
1060,home_120,4.016559647113337,home,1
1060,home_616,4.016559647113337,home,2
1060,home_688,4.016559647113337,home,3
1060,away_485,4.016559647113337,away,4
1060,away_674,4.016559647113337,away,5
1061,home_120,4.923079099104616,home,1
1061,home_616,4.923079099104616,home,2
1061,home_688,4.923079099104616,home,3
1061,away_485,4.923079099104616,away,4
1061,away_674,4.923079099104616,away,5
1062,home_120,5.6016012025204525,home,1
1062,home_616,5.6016012025204525,home,2
1062,home_688,5.6016012025204525,home,3
1062,away_485,5.6016012025204525,away,4
1062,away_674,5.6016012025204525,away,5
1063,home_120,6.455779507630561,home,1
1063,home_616,6.455779507630561,home,2
1063,home_688,6.455779507630561,home,3
1063,away_485,6.455779507630561,away,4
1063,away_674,6.455779507630561,away,5
1064,home_120,7.614926739624431,home,1
1064,home_616,7.614926739624431,home,2
1064,home_688,7.614926739624431,home,3
1064,away_485,7.614926739624431,away,4
1064,away_674,7.614926739624431,away,5
1065,home_120,7.968931571947398,home,1
1065,home_616,7.968931571947398,home,2
1065,home_688,7.968931571947398,home,3
1065,away_485,7.968931571947398,away,4
1065,away_674,7.968931571947398,away,5
1066,home_120,8.100425900814278,home,1
1066,home_616,8.100425900814278,home,2
1066,home_688,8.100425900814278,home,3
1066,away_485,8.100425900814278,away,4
1066,away_674,8.100425900814278,away,5
1067,home_120,8.119608857408911,home,1
1067,home_616,8.119608857408911,home,2
1067,home_688,8.119608857408911,home,3
1067,away_485,8.119608857408911,away,4
1067,away_674,8.119608857408911,away,5
1068,home_120,8.119613720236186,home,1
1068,home_616,8.119613720236186,home,2
1068,home_688,8.119613720236186,home,3
1068,away_485,8.119613720236186,away,4
1068,away_674,8.119613720236186,away,5
1069,home_120,8.119615230446351,home,1
1069,home_616,8.119615230446351,home,2
1069,home_688,8.119615230446351,home,3
1069,away_485,8.119615230446351,away,4
1069,away_674,8.119615230446351,away,5
1070,home_120,8.253869562888012,home,1
1070,home_616,8.253869562888012,home,2
1070,home_688,8.253869562888012,home,3
1070,away_485,8.253869562888012,away,4
1070,away_674,8.253869562888012,away,5
1071,home_120,8.22704710011323,home,1
1071,home_616,8.22704710011323,home,2
1071,home_688,8.22704710011323,home,3
1071,away_485,8.22704710011323,away,4
1071,away_674,8.22704710011323,away,5
1072,home_120,7.9930882069413975,home,1
1072,home_616,7.9930882069413975,home,2
1072,home_688,7.9930882069413975,home,3
1072,away_485,7.9930882069413975,away,4
1072,away_674,7.9930882069413975,away,5
1073,home_120,7.724424514229943,home,1
1073,home_616,7.724424514229943,home,2
1073,home_688,7.724424514229943,home,3
1073,away_485,7.724424514229943,away,4
1073,away_674,7.724424514229943,away,5
1074,home_120,6.922833579039545,home,1
1074,home_616,6.922833579039545,home,2
1074,home_688,6.922833579039545,home,3
1074,away_485,6.922833579039545,away,4
1074,away_674,6.922833579039545,away,5
1075,home_120,6.2584961793186045,home,1
1075,home_616,6.2584961793186045,home,2
1075,home_688,6.2584961793186045,home,3
1075,away_485,6.2584961793186045,away,4
1075,away_674,6.2584961793186045,away,5
1076,home_120,5.902510386589857,home,1
1076,home_616,5.902510386589857,home,2
1076,home_688,5.902510386589857,home,3
1076,away_485,5.902510386589857,away,4
1076,away_674,5.902510386589857,away,5
1077,home_120,5.708356421357597,home,1
1077,home_616,5.708356421357597,home,2
1077,home_688,5.708356421357597,home,3
1077,away_485,5.708356421357597,away,4
1077,away_674,5.708356421357597,away,5
1078,home_120,5.728838757640685,home,1
1078,home_616,5.728838757640685,home,2
1078,home_688,5.728838757640685,home,3
1078,away_485,5.728838757640685,away,4
1078,away_674,5.728838757640685,away,5
1079,home_120,5.759830698473004,home,1
1079,home_616,5.759830698473004,home,2
1079,home_688,5.759830698473004,home,3
1079,away_485,5.759830698473004,away,4
1079,away_674,5.759830698473004,away,5
1080,home_120,5.8015077095919345,home,1
1080,home_616,5.8015077095919345,home,2
1080,home_688,5.8015077095919345,home,3
1080,away_485,5.8015077095919345,away,4
1080,away_674,5.8015077095919345,away,5
1081,home_120,5.846509397408628,home,1
1081,home_616,5.846509397408628,home,2
1081,home_688,5.846509397408628,home,3
1081,away_485,5.846509397408628,away,4
1081,away_674,5.846509397408628,away,5
1082,home_120,5.918936044094448,home,1
1082,home_616,5.918936044094448,home,2
1082,home_688,5.918936044094448,home,3
1082,away_485,5.918936044094448,away,4
1082,away_674,5.918936044094448,away,5
1083,home_120,6.188403092637079,home,1
1083,home_616,6.188403092637079,home,2
1083,home_688,6.188403092637079,home,3
1083,away_485,6.188403092637079,away,4
1083,away_674,6.188403092637079,away,5
1084,home_120,6.581740940406618,home,1
1084,home_616,6.581740940406618,home,2
1084,home_688,6.581740940406618,home,3
1084,away_485,6.581740940406618,away,4
1084,away_674,6.581740940406618,away,5
1085,home_120,7.532959592709159,home,1
1085,home_616,7.532959592709159,home,2
1085,home_688,7.532959592709159,home,3
1085,away_485,7.532959592709159,away,4
1085,away_674,7.532959592709159,away,5
1086,home_120,8.607119145459713,home,1
1086,home_616,8.607119145459713,home,2
1086,home_688,8.607119145459713,home,3
1086,away_485,8.607119145459713,away,4
1086,away_674,8.607119145459713,away,5
1087,home_120,9.834094676529563,home,1
1087,home_616,9.834094676529563,home,2
1087,home_688,9.834094676529563,home,3
1087,away_485,9.834094676529563,away,4
1087,away_674,9.834094676529563,away,5
1088,home_120,10.487028741127931,home,1
1089,home_120,11.08955590955055,home,1
1090,home_120,11.122014336297962,home,1
1091,home_120,11.426616098067969,home,1
1092,home_120,12.010499431093555,home,1
1093,home_120,12.875928913118386,home,1
1094,home_120,13.879226266074477,home,1
1095,home_120,14.841088991154104,home,1
1096,home_120,15.269738304689197,home,1
1097,home_120,15.387035255059224,home,1
1098,home_120,15.781993691982109,home,1
1099,home_120,16.23471418350007,home,1
1100,home_120,16.385181714124847,home,1
1101,home_120,16.357056069493144,home,1
1102,home_120,16.448381674779277,home,1
1103,home_120,16.554948742865037,home,1
1104,home_120,16.890472482929145,home,1
1105,home_120,17.207341512619283,home,1
1106,home_120,17.425597131310326,home,1
1107,home_120,17.45660219891281,home,1
1108,home_120,17.486196746012833,home,1
1109,home_120,17.51889015439293,home,1
1110,home_120,17.539023863189538,home,1
1111,home_120,17.488730801512414,home,1
1112,home_120,17.433206363298567,home,1
1113,home_120,17.38217008065488,home,1
1114,home_120,17.34571929646041,home,1
1115,home_120,17.449431234330326,home,1
1116,home_120,17.546737906726666,home,1
1117,home_120,17.609343185155574,home,1
1118,home_120,17.633214770356204,home,1
1119,home_120,17.578100280547623,home,1
1120,home_120,17.583125144215078,home,1
1121,home_120,17.61809296909026,home,1
1122,home_120,17.641074663465513,home,1
1123,home_120,17.666564835869615,home,1
1124,home_120,17.67058765140967,home,1
1125,home_120,17.67074789145137,home,1
1126,home_120,17.67220415993209,home,1
1127,home_120,17.68324433142657,home,1
1128,home_120,17.751767379581814,home,1
1129,home_120,17.760956100002417,home,1
1130,home_120,17.77051939106038,home,1
1131,home_120,17.790614977721848,home,1
1132,home_120,17.795629055722923,home,1
1133,home_120,17.799037239208673,home,1
1134,home_120,17.81008603548506,home,1
1135,home_120,17.823800055726753,home,1
1136,home_120,17.824137482024593,home,1
1137,home_120,17.826045809996675,home,1
1138,home_120,17.831846293521178,home,1
1139,home_120,17.836375197965424,home,1
1140,home_120,17.84530570923482,home,1
1141,home_120,17.844157731424144,home,1
1142,home_120,17.85101546339199,home,1
1143,home_120,17.85504546936907,home,1
1144,home_120,17.859008741596075,home,1
1145,home_120,17.8575861633258,home,1
1146,home_120,17.858864316800492,home,1
1147,home_120,17.853100806011316,home,1
1148,home_120,17.852340658091897,home,1
1149,home_120,17.853134223450095,home,1
1150,home_120,17.861054334554662,home,1
1151,home_120,17.857412259597748,home,1
1152,home_120,17.857459987398656,home,1
1153,home_120,17.85765302882137,home,1
1154,home_120,17.857238457005046,home,1
1155,home_120,17.855648104981373,home,1
1156,home_120,17.855532956868746,home,1
1157,home_120,17.853551765170565,home,1
1158,home_120,17.848647765786207,home,1
1159,home_120,17.84859558455718,home,1
1160,home_120,17.855546378400103,home,1
1161,home_120,17.856535449418512,home,1
1162,home_120,17.853878234209983,home,1
1163,home_120,17.853420933567463,home,1
1164,home_120,17.856014768114328,home,1
1165,home_120,17.857189690123054,home,1
1166,home_120,17.856937549819786,home,1
1167,home_120,17.856399578993294,home,1
1168,home_120,17.856402659296663,home,1
1169,home_120,17.861361374641323,home,1
1170,home_120,17.863206432335826,home,1
1171,home_120,17.86485940794791,home,1
1172,home_120,17.867251232955617,home,1
1173,home_120,17.868423558947807,home,1
1174,home_120,17.87053678375023,home,1
1175,home_120,17.869528332886237,home,1
1176,home_120,17.870326452806168,home,1
1177,home_120,17.87391994175044,home,1
1178,home_120,17.872209412006256,home,1
1179,home_120,17.86309085828911,home,1
1180,home_120,17.84994202582577,home,1
1181,home_120,17.82664064837237,home,1
1182,home_120,17.81045520269611,home,1
1183,home_120,17.8039990348636,home,1
1184,home_120,17.803407721180236,home,1
1185,home_120,17.795443548037372,home,1
1186,home_120,17.795604404132416,home,1
1187,home_120,17.796198353683213,home,1
1188,home_120,17.796364380404725,home,1
1189,home_120,17.797446583813674,home,1
1190,home_120,17.799768150399853,home,1
1191,home_120,17.786665620880406,home,1
1192,home_120,17.788302741373414,home,1
1193,home_120,17.790184296824922,home,1
1194,home_120,17.789902233158788,home,1
1195,home_120,17.791026104897945,home,1
1196,home_120,17.79308203906038,home,1
1197,home_120,17.793127403707363,home,1
1198,home_120,17.799868715447595,home,1
1199,home_120,17.808941895069708,home,1
1200,home_120,17.812719276349387,home,1
1201,home_120,17.815771744743476,home,1
1202,home_120,17.818809115091643,home,1
1203,home_120,17.822979739091693,home,1
1204,home_120,17.821061514280903,home,1
1205,home_120,17.82535139655704,home,1
1206,home_120,17.82063780272213,home,1
1207,home_120,17.813022426982823,home,1
1208,home_120,17.81310326885029,home,1
1209,home_120,17.80872611138034,home,1
1210,home_120,17.806348121707746,home,1
1211,home_120,17.80572794515636,home,1
1212,home_120,17.805741709977628,home,1
1213,home_120,17.804508204020042,home,1
1214,home_120,17.783434433123706,home,1
1215,home_120,17.760421482159963,home,1
1216,home_120,17.70823545253592,home,1
1217,home_120,17.649029581829478,home,1
1218,home_120,17.56528121428248,home,1
1219,home_120,17.543147295868806,home,1
1220,home_120,17.536864032463985,home,1
1221,home_120,17.520138283481582,home,1
1222,home_120,17.51269256028053,home,1
1223,home_120,17.540717084851977,home,1
1224,home_120,17.46093555452857,home,1
1225,home_120,17.2201156166628,home,1
1226,home_120,17.239392792814282,home,1
1227,home_120,17.179906031553255,home,1
1228,home_120,16.973637905775206,home,1
1229,home_120,16.92049246607666,home,1
1230,home_120,16.922136384356676,home,1
1231,home_120,16.832694513431772,home,1
1232,home_120,16.70472470832429,home,1
1233,home_120,16.59988274618677,home,1
1234,home_120,16.547467405265042,home,1
1235,home_120,16.52782534457264,home,1
1236,home_120,16.526484499927292,home,1
1237,home_120,16.48030538010364,home,1
1238,home_120,16.449942272686094,home,1
1239,home_120,16.33077697968474,home,1
1240,home_120,16.17253133357729,home,1
1241,home_120,15.738097197971623,home,1
1242,home_120,15.129728314513054,home,1
1243,home_120,14.908081862153326,home,1
1244,home_120,15.174207395691125,home,1
1245,home_120,14.706675856607163,home,1
1246,home_120,13.823753639800834,home,1
1247,home_120,12.787413776720179,home,1
1248,home_120,11.926890478796485,home,1
1249,home_120,11.289697168355978,home,1
1250,home_120,11.046649311107087,home,1
1251,home_120,11.791267230887687,home,1
1252,home_120,12.503717878853273,home,1
1253,home_120,13.150346804696255,home,1
1254,home_120,13.512210506812865,home,1
1255,home_120,13.776018164661442,home,1
1256,home_120,14.22157669663009,home,1
1257,home_120,14.739689135863122,home,1
1258,home_120,15.471526634603483,home,1
1259,home_120,16.05404062179616,home,1
1260,home_120,16.289704997183005,home,1
1261,home_120,16.286517883096202,home,1
1262,home_120,16.32373405928742,home,1
1263,home_120,16.35666596429498,home,1
1264,home_120,16.214608743732303,home,1
1265,home_120,16.08136513640077,home,1
1266,home_120,16.081238067379324,home,1
1267,home_120,16.081037047783205,home,1
1268,home_120,16.056742927887605,home,1
1269,home_120,16.017109010621017,home,1
1270,home_120,15.880323102556602,home,1
1271,home_120,15.693689467394023,home,1
1272,home_120,15.468246468159762,home,1
1273,home_120,15.199317299817121,home,1
1274,home_120,14.759735632176106,home,1
1275,home_120,14.569301885435864,home,1
1276,home_120,14.224978233766368,home,1
1277,home_120,13.4955016721631,home,1
1278,home_120,12.069971744632554,home,1
1279,home_120,11.97165402649897,home,1
1280,home_120,11.72863803767442,home,1
1281,home_120,11.370652505107458,home,1
1282,home_120,10.879771452088034,home,1
1283,home_120,10.398724101426145,home,1
1284,home_120,10.114960062099009,home,1
1285,home_120,10.057670403220953,home,1
1286,home_120,10.047033572163963,home,1
1287,home_120,10.038537488040145,home,1
1288,home_120,10.038512596093604,home,1
1289,home_120,10.035869842308202,home,1
1290,home_120,9.892186498071363,home,1
1290,home_616,9.892186498071363,home,2
1290,home_688,9.892186498071363,home,3
1290,away_485,9.892186498071363,away,4
1290,away_674,9.892186498071363,away,5
1291,home_120,8.389184963197557,home,1
1291,home_616,8.389184963197557,home,2
1291,home_688,8.389184963197557,home,3
1291,away_485,8.389184963197557,away,4
1291,away_674,8.389184963197557,away,5
1292,home_120,6.118790386845246,home,1
1292,home_616,6.118790386845246,home,2
1292,home_688,6.118790386845246,home,3
1292,away_485,6.118790386845246,away,4
1292,away_674,6.118790386845246,away,5
1293,home_120,5.1161252046912855,home,1
1293,home_616,5.1161252046912855,home,2
1293,home_688,5.1161252046912855,home,3
1293,away_485,5.1161252046912855,away,4
1293,away_674,5.1161252046912855,away,5
1294,home_120,5.115455113266702,home,1
1294,home_616,5.115455113266702,home,2
1294,home_688,5.115455113266702,home,3
1294,away_485,5.115455113266702,away,4
1294,away_674,5.115455113266702,away,5
1295,home_120,4.9497240975274055,home,1
1295,home_616,4.9497240975274055,home,2
1295,home_688,4.9497240975274055,home,3
1295,away_485,4.9497240975274055,away,4
1295,away_674,4.9497240975274055,away,5
1296,home_120,4.570930471140601,home,1
1296,home_616,4.570930471140601,home,2
1296,home_688,4.570930471140601,home,3
1296,away_485,4.570930471140601,away,4
1296,away_674,4.570930471140601,away,5
1297,home_120,4.464058555466293,home,1
1297,home_616,4.464058555466293,home,2
1297,home_688,4.464058555466293,home,3
1297,away_485,4.464058555466293,away,4
1297,away_674,4.464058555466293,away,5
1298,home_120,4.8721761684888545,home,1
1298,home_616,4.8721761684888545,home,2
1298,home_688,4.8721761684888545,home,3
1298,away_485,4.8721761684888545,away,4
1298,away_674,4.8721761684888545,away,5
1299,home_120,5.299091620070976,home,1
1299,home_616,5.299091620070976,home,2
1299,home_688,5.299091620070976,home,3
1299,away_485,5.299091620070976,away,4
1299,away_674,5.299091620070976,away,5
1300,home_120,5.975761248500855,home,1
1300,home_616,5.975761248500855,home,2
1300,home_688,5.975761248500855,home,3
1300,away_485,5.975761248500855,away,4
1300,away_674,5.975761248500855,away,5
1301,home_120,6.96574479231828,home,1
1301,home_616,6.96574479231828,home,2
1301,home_688,6.96574479231828,home,3
1301,away_485,6.96574479231828,away,4
1301,away_674,6.96574479231828,away,5
1302,home_120,7.271652693236224,home,1
1302,home_616,7.271652693236224,home,2
1302,home_688,7.271652693236224,home,3
1302,away_485,7.271652693236224,away,4
1302,away_674,7.271652693236224,away,5
1303,home_120,7.566760156395191,home,1
1303,home_616,7.566760156395191,home,2
1303,home_688,7.566760156395191,home,3
1303,away_485,7.566760156395191,away,4
1303,away_674,7.566760156395191,away,5
1304,home_120,8.900218425529552,home,1
1304,home_616,8.900218425529552,home,2
1304,home_688,8.900218425529552,home,3
1304,away_485,8.900218425529552,away,4
1304,away_674,8.900218425529552,away,5
1305,home_120,10.445586059809617,home,1
1306,home_120,12.944371400550242,home,1
1307,home_120,14.723456172735023,home,1
1308,home_120,15.435321468740714,home,1
1309,home_120,16.305387085873246,home,1
1310,home_120,16.78581263708078,home,1
1311,home_120,16.96078790470033,home,1
1312,home_120,17.011888467045686,home,1
1313,home_120,17.057033547046952,home,1
1314,home_120,17.04827218062464,home,1
1315,home_120,16.956758517111286,home,1
1316,home_120,16.809306038564767,home,1
1317,home_120,16.834157364837154,home,1
1318,home_120,16.905501882099475,home,1
1319,home_120,17.055216643926983,home,1
1320,home_120,17.11149229448808,home,1
1321,home_120,17.19184010662689,home,1
1322,home_120,17.34099178454661,home,1
1323,home_120,17.4116024887062,home,1
1324,home_120,17.457636339290893,home,1
1325,home_120,17.45928525604496,home,1
1326,home_120,17.45928525604496,home,1
1327,home_120,17.45928525604496,home,1
1328,home_120,17.430317923542557,home,1
1329,home_120,17.39919102141203,home,1
1330,home_120,17.384206048287453,home,1
1331,home_120,17.366985885045366,home,1
1332,home_120,17.33252533091194,home,1
1333,home_120,17.40488983071878,home,1
1334,home_120,17.494244337945783,home,1
1335,home_120,17.5646083854772,home,1
1336,home_120,17.56475222482737,home,1
1337,home_120,17.56476362654061,home,1
1338,home_120,17.56476564635444,home,1
1339,home_120,17.56476564635444,home,1
1340,home_120,17.56594204263199,home,1
1341,home_120,17.587814276750397,home,1
1342,home_120,17.59988272337313,home,1
1343,home_120,17.611896696186246,home,1
1344,home_120,17.625777055866333,home,1
1345,home_120,17.640224865343242,home,1
1346,home_120,17.638974170994242,home,1
1347,home_120,17.61252647569229,home,1
1348,home_120,17.56375066857808,home,1
1349,home_120,17.48443037726674,home,1
1350,home_120,17.474466248673806,home,1
1351,home_120,17.474466248673806,home,1
1352,home_120,17.4743578465618,home,1
1353,home_120,17.459075995271686,home,1
1354,home_120,17.45958273056344,home,1
1355,home_120,17.459428509817037,home,1
1356,home_120,17.45312435210948,home,1
1357,home_120,17.432513588417535,home,1
1358,home_120,17.43251201300518,home,1
1359,home_120,17.46254799601848,home,1
1360,home_120,17.47952136136685,home,1
1361,home_120,17.497153188039047,home,1
1362,home_120,17.517322325062867,home,1
1363,home_120,17.452627191225623,home,1
1364,home_120,17.41928413539641,home,1
1365,home_120,17.38152855555489,home,1
1366,home_120,17.32430711930221,home,1
1367,home_120,17.276382473568532,home,1
1368,home_120,17.291934866285523,home,1
1369,home_120,17.307654659076285,home,1
1370,home_120,17.3269784538016,home,1
1371,home_120,17.34061125818822,home,1
1372,home_120,17.37206383062142,home,1
1373,home_120,17.39564231265118,home,1
1374,home_120,17.40716129522321,home,1
1375,home_120,17.37149024851397,home,1
1376,home_120,17.340222862779186,home,1
1377,home_120,17.367916868108104,home,1
1378,home_120,17.417522331596448,home,1
1379,home_120,17.458667693292178,home,1
1380,home_120,17.496534128494478,home,1
1381,home_120,17.517935519413268,home,1
1382,home_120,17.527640519079398,home,1
1383,home_120,17.527175411957085,home,1
1384,home_120,17.517308627162137,home,1
1385,home_120,17.50505638968024,home,1
1386,home_120,17.4815213331267,home,1
1387,home_120,17.459702764788005,home,1
1388,home_120,17.45545382365202,home,1
1389,home_120,17.468876115325337,home,1
1390,home_120,17.480838472679565,home,1
1391,home_120,17.463542164030127,home,1
1392,home_120,17.45295071954826,home,1
1393,home_120,17.431735260642558,home,1
1394,home_120,17.369245526630394,home,1
1395,home_120,17.258380622829158,home,1
1396,home_120,17.256716478059435,home,1
1397,home_120,17.249123654069674,home,1
1398,home_120,17.2072613878542,home,1
1399,home_120,17.148365778066665,home,1
1400,home_120,17.09187322342981,home,1
1401,home_120,17.006010328124642,home,1
1402,home_120,16.900481102240402,home,1
1403,home_120,16.795791695109727,home,1
1404,home_120,16.795714862291423,home,1
1405,home_120,16.779441819181592,home,1
1406,home_120,16.766460649865135,home,1
1407,home_120,16.756360448268353,home,1
1408,home_120,16.80678295805134,home,1
1409,home_120,17.060272053525555,home,1
1410,home_120,17.101106832524493,home,1
1411,home_120,17.10178497698717,home,1
1412,home_120,17.101839178044273,home,1
1413,home_120,17.101839178044273,home,1
1414,home_120,17.101837602620424,home,1
1415,home_120,17.101836986576647,home,1
1416,home_120,17.101829180086263,home,1
1417,home_120,17.101821373595886,home,1
1418,home_120,17.10175375102565,home,1
1419,home_120,17.10172594861925,home,1
1420,home_120,17.10158553283157,home,1
1421,home_120,17.068113039396124,home,1
1422,home_120,17.02761144490031,home,1
1423,home_120,16.99186802109353,home,1
1424,home_120,16.920700805014963,home,1
1425,home_120,16.81013409281083,home,1
1426,home_120,16.815886232408836,home,1
1427,home_120,16.807727816284658,home,1
1428,home_120,16.807720797500444,home,1
1429,home_120,16.807715798522118,home,1
1430,home_120,16.807715798522118,home,1
1431,home_120,16.807715798522118,home,1
1432,home_120,16.807715798522118,home,1
1433,home_120,16.807715798522118,home,1
1434,home_120,16.807715798522118,home,1
1435,home_120,16.807715798522118,home,1
1436,home_120,16.807715798522118,home,1
1437,home_120,16.807715798522118,home,1
1438,home_120,16.807715798522118,home,1
1439,home_120,16.807715798522118,home,1
1440,home_120,16.807715798522118,home,1
1441,home_120,16.807715798522118,home,1
1442,home_120,16.807715798522118,home,1
1443,home_120,16.807715798522118,home,1
1444,home_120,16.807715798522118,home,1
1445,home_120,16.807715798522118,home,1
1446,home_120,16.807715798522118,home,1
1447,home_120,16.807715798522118,home,1
1448,home_120,16.807715798522118,home,1
1449,home_120,16.807715798522118,home,1
1450,home_120,16.807715798522118,home,1
1451,home_120,16.807715798522118,home,1
1452,home_120,16.807715798522118,home,1
1453,home_120,16.807715798522118,home,1
1454,home_120,16.807715798522118,home,1
1455,home_120,16.807715798522118,home,1
1456,home_120,16.807715798522118,home,1
1457,home_120,16.807715798522118,home,1
1458,home_120,16.807715798522118,home,1
1459,home_120,16.807715798522118,home,1
1460,home_120,16.807715798522118,home,1
1461,home_120,16.807715798522118,home,1
1462,home_120,16.80660955958188,home,1
1463,home_120,16.779623712290153,home,1
1464,home_120,16.749833629041515,home,1
1465,home_120,16.69761858604361,home,1
1466,home_120,16.668482440075852,home,1
1467,home_120,16.66847884485444,home,1
1468,home_120,16.66847884485444,home,1
1469,home_120,16.66847884485444,home,1
1470,home_120,16.66847884485444,home,1
1471,home_120,16.668479632562082,home,1
1472,home_120,16.66851024248112,home,1
1473,home_120,16.671682140784146,home,1
1474,home_120,16.690055897029374,home,1
1475,home_120,16.71513296243329,home,1
1476,home_120,16.75003750757511,home,1
1477,home_120,16.792266810580784,home,1
1478,home_120,16.831434364448562,home,1
1479,home_120,16.850622368610246,home,1
1480,home_120,16.88360961780996,home,1
1481,home_120,16.884779439707376,home,1
1482,home_120,16.88478707454885,home,1
1483,home_120,16.884788649958278,home,1
1484,home_120,16.884788649958278,home,1
1485,home_120,16.884788649958278,home,1
1486,home_120,16.884788649958278,home,1
1487,home_120,16.884788649958278,home,1
1488,home_120,16.884788649958278,home,1
1489,home_120,16.884788649958278,home,1
1490,home_120,16.884788649958278,home,1
1491,home_120,16.884788649958278,home,1
1492,home_120,16.884788649958278,home,1
1493,home_120,16.884788649958278,home,1
1494,home_120,16.884788649958278,home,1
1495,home_120,16.884668401741177,home,1
1496,home_120,16.83915777789688,home,1
1497,home_120,16.790282971622187,home,1
1498,home_120,16.714092425764104,home,1
1499,home_120,16.56324099760268,home,1
1500,home_120,16.270635773011545,home,1
1501,home_120,16.208990263339324,home,1
1502,home_120,16.082179107662057,home,1
1503,home_120,15.973145264076484,home,1
1504,home_120,15.835747783555535,home,1
1505,home_120,15.709210040712646,home,1
1506,home_120,15.70860269595485,home,1
1507,home_120,15.63401067311117,home,1
1508,home_120,15.577916343678671,home,1
1509,home_120,15.505592915733374,home,1
1510,home_120,15.489680375015523,home,1
1511,home_120,15.678265432134257,home,1
1512,home_120,15.935866558309309,home,1
1513,home_120,16.208538508340254,home,1
1514,home_120,16.42690457502833,home,1
1515,home_120,16.623132338321923,home,1
1516,home_120,16.62313435810169,home,1
1517,home_120,16.62313435810169,home,1
1518,home_120,16.62313435810169,home,1
1519,home_120,16.62314575981601,home,1
1520,home_120,16.629461652936605,home,1
1521,home_120,16.638702373501754,home,1
1522,home_120,16.64728960112276,home,1
1523,home_120,16.66048332320119,home,1
1524,home_120,16.667969482577597,home,1
1525,home_120,16.688731266569846,home,1
1526,home_120,16.700884180810608,home,1
1527,home_120,16.695902187325878,home,1
1528,home_120,16.69707742238818,home,1
1529,home_120,16.66191265824188,home,1
1530,home_120,16.631840996294216,home,1
1531,home_120,16.632098681068754,home,1
1532,home_120,16.63487870975103,home,1
1533,home_120,16.65886535053741,home,1
1534,home_120,16.669146484591977,home,1
1535,home_120,16.617369755840425,home,1
1536,home_120,16.63179409536629,home,1
1537,home_120,16.635129707630927,home,1
1538,home_120,16.601923139732516,home,1
1539,home_120,16.75918742568207,home,1
1540,home_120,16.993463624308053,home,1
1541,home_120,17.050953994905743,home,1
1542,home_120,17.041799832374895,home,1
1543,home_120,17.05301462487407,home,1
1544,home_120,17.12607894966761,home,1
1545,home_120,17.23474562637978,home,1
1546,home_120,17.354226015885153,home,1
1547,home_120,17.449543971850098,home,1
1548,home_120,17.403177452813207,home,1
1549,home_120,17.413592508180614,home,1
1550,home_120,17.363738417319727,home,1
1551,home_120,17.055339261417465,home,1
1552,home_120,17.009480375633732,home,1
1553,home_120,17.24962392398817,home,1
1554,home_120,17.249208333430847,home,1
1555,home_120,17.223994146231618,home,1
1556,home_120,17.388971536350386,home,1
1557,home_120,17.55691519643887,home,1
1558,home_120,17.585413744733586,home,1
1559,home_120,17.630629962848747,home,1
1560,home_120,17.690458815634884,home,1
1561,home_120,17.71623332347373,home,1
1562,home_120,17.683537266557956,home,1
1563,home_120,17.695674022427063,home,1
1564,home_120,17.694197788442235,home,1
1565,home_120,17.716831413693644,home,1
1566,home_120,17.731788302577996,home,1
1567,home_120,17.754833490489318,home,1
1568,home_120,17.801380569962376,home,1
1569,home_120,17.831237104869338,home,1
1570,home_120,17.848279567163946,home,1
1571,home_120,17.87138794311592,home,1
1572,home_120,17.88349744202537,home,1
1573,home_120,17.886026017084625,home,1
1574,home_120,17.893863609809927,home,1
1575,home_120,17.899553438573264,home,1
1576,home_120,17.904473222590827,home,1
1577,home_120,17.906006495545846,home,1
1578,home_120,17.906775853718894,home,1
1579,home_120,17.904190542865237,home,1
1580,home_120,17.900840872815806,home,1
1581,home_120,17.887724185771926,home,1
1582,home_120,17.878095595364876,home,1
1583,home_120,17.871285753636418,home,1
1584,home_120,17.87527230438197,home,1
1585,home_120,17.874254493159736,home,1
1586,home_120,17.86749370378308,home,1
1587,home_120,17.848897747921605,home,1
1588,home_120,17.794252175193115,home,1
1589,home_120,17.735835320584705,home,1
1590,home_120,17.728184390696217,home,1
1591,home_120,17.699807530897758,home,1
1592,home_120,17.701924933960658,home,1
1593,home_120,17.723286458265946,home,1
1594,home_120,17.734228426538554,home,1
1595,home_120,17.74848962729629,home,1
1596,home_120,17.757380958005406,home,1
1597,home_120,17.772225105507356,home,1
1598,home_120,17.774713244398207,home,1
1599,home_120,17.78422182751334,home,1
1600,home_120,17.793492277152172,home,1
1601,home_120,17.820263912450596,home,1
1602,home_120,17.81433966951447,home,1
1603,home_120,17.789908544422623,home,1
1604,home_120,17.789183319087194,home,1
1605,home_120,17.7838146099462,home,1
1606,home_120,17.790464412740494,home,1
1607,home_120,17.795943060202372,home,1
1608,home_120,17.788331263150347,home,1
1609,home_120,17.76580577005907,home,1
1610,home_120,17.782445164415634,home,1
1611,home_120,17.767442547370628,home,1
1612,home_120,17.751745385863835,home,1
1613,home_120,17.745051957744277,home,1
1614,home_120,17.745030558091297,home,1
1615,home_120,17.745181587876072,home,1
1616,home_120,17.751562093182816,home,1
1617,home_120,17.756338731485442,home,1
1618,home_120,17.771849956143395,home,1
1619,home_120,17.78217795809079,home,1
1620,home_120,17.753148778460513,home,1
1621,home_120,17.765081629506405,home,1
1622,home_120,17.81317928038361,home,1
1623,home_120,17.855728971591304,home,1
1624,home_120,17.868889738866933,home,1
1625,home_120,17.871266980686872,home,1
1626,home_120,17.870941057197097,home,1
1627,home_120,17.873355756109287,home,1
1628,home_120,17.876893609579852,home,1
1629,home_120,17.87973130286482,home,1
1630,home_120,17.875373899151704,home,1
1631,home_120,17.86604418692311,home,1
1632,home_120,17.864342079738734,home,1
1633,home_120,17.861067667129927,home,1
1634,home_120,17.85581661737824,home,1
1635,home_120,17.85401864078855,home,1
1636,home_120,17.85527036497955,home,1
1637,home_120,17.856063041493694,home,1
1638,home_120,17.85597997756186,home,1
1639,home_120,17.85597997756186,home,1
1640,home_120,17.855981209682596,home,1
1641,home_120,17.855981209682596,home,1
1642,home_120,17.855981209682596,home,1
1643,home_120,17.85592077753833,home,1
1644,home_120,17.85567011148977,home,1
1645,home_120,17.85145610270938,home,1
1646,home_120,17.85125929443052,home,1
1647,home_120,17.85125412381542,home,1
1648,home_120,17.850607205328814,home,1
1649,home_120,17.849384586152684,home,1
1650,home_120,17.849326173828103,home,1
1651,home_120,17.84932898134686,home,1
1652,home_120,17.855463476895494,home,1
1653,home_120,17.852921176870886,home,1
1654,home_120,17.856133995726875,home,1
1655,home_120,17.855263051983776,home,1
1656,home_120,17.85052162512135,home,1
1657,home_120,17.847984081966374,home,1
1658,home_120,17.851357585305635,home,1
1659,home_120,17.85376512443773,home,1
1660,home_120,17.845931470218975,home,1
1661,home_120,17.83657259170508,home,1
1662,home_120,17.829770565665168,home,1
1663,home_120,17.823396502379254,home,1
1664,home_120,17.8106637160427,home,1
1665,home_120,17.81396431573298,home,1
1666,home_120,17.82852130567569,home,1
1667,home_120,17.82701877438923,home,1
1668,home_120,17.830061244868478,home,1
1669,home_120,17.832150354374484,home,1
1670,home_120,17.832554716733604,home,1
1671,home_120,17.827452091540874,home,1
1672,home_120,17.823508128657082,home,1
1673,home_120,17.813992635935158,home,1
1674,home_120,17.811744276352304,home,1
1675,home_120,17.810230524239095,home,1
1676,home_120,17.805934723502638,home,1
1677,home_120,17.807725721169728,home,1
1678,home_120,17.81453705858036,home,1
1679,home_120,17.81827589176714,home,1
1680,home_120,17.815193116814562,home,1
1681,home_120,17.798781031289895,home,1
1682,home_120,17.794353712396973,home,1
1683,home_120,17.785787268239833,home,1
1684,home_120,17.791960796282822,home,1
1685,home_120,17.80930614575565,home,1
1686,home_120,17.83957215241111,home,1
1687,home_120,17.858623437179276,home,1
1688,home_120,17.861522411593587,home,1
1689,home_120,17.855837238541266,home,1
1690,home_120,17.85770396868861,home,1
1691,home_120,17.858398685487234,home,1
1692,home_120,17.866256344621977,home,1
1693,home_120,17.870247661403607,home,1
1694,home_120,17.87593749015802,home,1
1695,home_120,17.87878336387856,home,1
1696,home_120,17.879984310618006,home,1
1697,home_120,17.869253560785495,home,1
1698,home_120,17.865963605689117,home,1
1699,home_120,17.863862438538455,home,1
1700,home_120,17.853817569160103,home,1
1701,home_120,17.83893381887844,home,1
1702,home_120,17.824928172172193,home,1
1703,home_120,17.81560742808061,home,1
1704,home_120,17.80444097958737,home,1
1705,home_120,17.802892093651863,home,1
1706,home_120,17.782041318214088,home,1
1707,home_120,17.786518485929843,home,1
1708,home_120,17.77470206936195,home,1
1709,home_120,17.75002736796383,home,1
1710,home_120,17.706680740486654,home,1
1711,home_120,17.69404045239936,home,1
1712,home_120,17.68774355625864,home,1
1713,home_120,17.74553720517905,home,1
1714,home_120,17.807355659102136,home,1
1715,home_120,17.788787659829435,home,1
1716,home_120,17.812565322364126,home,1
1717,home_120,17.84469909815876,home,1
1718,home_120,17.844298796944674,home,1
1719,home_120,17.830621639229324,home,1
1720,home_120,17.820087587475264,home,1
1721,home_120,17.81109524025634,home,1
1722,home_120,17.747325456638503,home,1
1723,home_120,17.462109239497615,home,1
1724,home_120,15.42410754172004,home,1
1725,home_120,16.006375554485658,home,1
1726,home_120,16.179731182317276,home,1
1727,home_120,14.09857306094716,home,1
1728,home_120,10.182791279441387,home,1
1729,home_120,9.613447624420939,home,1
1729,home_616,9.613447624420939,home,2
1729,home_688,9.613447624420939,home,3
1729,away_485,9.613447624420939,away,4
1729,away_674,9.613447624420939,away,5
1730,home_120,9.318211975500255,home,1
1730,home_616,9.318211975500255,home,2
1730,home_688,9.318211975500255,home,3
1730,away_485,9.318211975500255,away,4
1730,away_674,9.318211975500255,away,5
1731,home_120,9.282739572194403,home,1
1731,home_616,9.282739572194403,home,2
1731,home_688,9.282739572194403,home,3
1731,away_485,9.282739572194403,away,4
1731,away_674,9.282739572194403,away,5
1732,home_120,9.246667368217073,home,1
1732,home_616,9.246667368217073,home,2
1732,home_688,9.246667368217073,home,3
1732,away_485,9.246667368217073,away,4
1732,away_674,9.246667368217073,away,5
1733,home_120,9.2125029175438,home,1
1733,home_616,9.2125029175438,home,2
1733,home_688,9.2125029175438,home,3
1733,away_485,9.2125029175438,away,4
1733,away_674,9.2125029175438,away,5
1734,home_120,9.207350412172572,home,1
1734,home_616,9.207350412172572,home,2
1734,home_688,9.207350412172572,home,3
1734,away_485,9.207350412172572,away,4
1734,away_674,9.207350412172572,away,5
1735,home_120,9.206371258972357,home,1
1735,home_616,9.206371258972357,home,2
1735,home_688,9.206371258972357,home,3
1735,away_485,9.206371258972357,away,4
1735,away_674,9.206371258972357,away,5
1736,home_120,9.200522362095995,home,1
1736,home_616,9.200522362095995,home,2
1736,home_688,9.200522362095995,home,3
1736,away_485,9.200522362095995,away,4
1736,away_674,9.200522362095995,away,5
1737,home_120,9.19683508539221,home,1
1737,home_616,9.19683508539221,home,2
1737,home_688,9.19683508539221,home,3
1737,away_485,9.19683508539221,away,4
1737,away_674,9.19683508539221,away,5
1738,home_120,9.194544246580644,home,1
1738,home_616,9.194544246580644,home,2
1738,home_688,9.194544246580644,home,3
1738,away_485,9.194544246580644,away,4
1738,away_674,9.194544246580644,away,5
1739,home_120,9.196980847279656,home,1
1739,home_616,9.196980847279656,home,2
1739,home_688,9.196980847279656,home,3
1739,away_485,9.196980847279656,away,4
1739,away_674,9.196980847279656,away,5
1740,home_120,9.203840812986476,home,1
1740,home_616,9.203840812986476,home,2
1740,home_688,9.203840812986476,home,3
1740,away_485,9.203840812986476,away,4
1740,away_674,9.203840812986476,away,5
1741,home_120,9.212263782596382,home,1
1741,home_616,9.212263782596382,home,2
1741,home_688,9.212263782596382,home,3
1741,away_485,9.212263782596382,away,4
1741,away_674,9.212263782596382,away,5
1742,home_120,9.21742643273444,home,1
1742,home_616,9.21742643273444,home,2
1742,home_688,9.21742643273444,home,3
1742,away_485,9.21742643273444,away,4
1742,away_674,9.21742643273444,away,5
1743,home_120,9.283765841730178,home,1
1743,home_616,9.283765841730178,home,2
1743,home_688,9.283765841730178,home,3
1743,away_485,9.283765841730178,away,4
1743,away_674,9.283765841730178,away,5
1744,home_120,9.822074828561211,home,1
1744,home_616,9.822074828561211,home,2
1744,home_688,9.822074828561211,home,3
1744,away_485,9.822074828561211,away,4
1744,away_674,9.822074828561211,away,5
1745,home_120,10.214779190293285,home,1
1746,home_120,10.58659926763693,home,1
1747,home_120,14.094230705119783,home,1
1748,home_120,16.663301773383363,home,1
1749,home_120,16.991264586811017,home,1
1750,home_120,16.921947544517003,home,1
1751,home_120,16.356696575703328,home,1
1752,home_120,16.340322849772715,home,1
1753,home_120,16.344902425219,home,1
1754,home_120,16.462367425797332,home,1
1755,home_120,16.514760482717573,home,1
1756,home_120,16.539138236249492,home,1
1757,home_120,16.071878485408792,home,1
1758,home_120,14.704600581444877,home,1
1759,home_120,12.34740674911879,home,1
1760,home_120,12.908963522766472,home,1
1761,home_120,12.811028223219907,home,1
1762,home_120,12.44649490748737,home,1
1763,home_120,12.085459649594721,home,1
1764,home_120,12.038337537149596,home,1
1765,home_120,11.801079854378902,home,1
1766,home_120,11.39686001839158,home,1
1767,home_120,10.768458444605983,home,1
1768,home_120,10.319539668131762,home,1
1769,home_120,10.01936653126767,home,1
1770,home_120,9.912853075437557,home,1
1770,home_616,9.912853075437557,home,2
1770,home_688,9.912853075437557,home,3
1770,away_485,9.912853075437557,away,4
1770,away_674,9.912853075437557,away,5
1771,home_120,9.870662517273997,home,1
1771,home_616,9.870662517273997,home,2
1771,home_688,9.870662517273997,home,3
1771,away_485,9.870662517273997,away,4
1771,away_674,9.870662517273997,away,5
1772,home_120,9.90955409165189,home,1
1772,home_616,9.90955409165189,home,2
1772,home_688,9.90955409165189,home,3
1772,away_485,9.90955409165189,away,4
1772,away_674,9.90955409165189,away,5
1773,home_120,10.2042427780535,home,1
1774,home_120,10.062731449158955,home,1
1775,home_120,9.816782104786224,home,1
1775,home_616,9.816782104786224,home,2
1775,home_688,9.816782104786224,home,3
1775,away_485,9.816782104786224,away,4
1775,away_674,9.816782104786224,away,5
1776,home_120,9.394699121920945,home,1
1776,home_616,9.394699121920945,home,2
1776,home_688,9.394699121920945,home,3
1776,away_485,9.394699121920945,away,4
1776,away_674,9.394699121920945,away,5
1777,home_120,9.229510062856116,home,1
1777,home_616,9.229510062856116,home,2
1777,home_688,9.229510062856116,home,3
1777,away_485,9.229510062856116,away,4
1777,away_674,9.229510062856116,away,5
1778,home_120,9.824839840197395,home,1
1778,home_616,9.824839840197395,home,2
1778,home_688,9.824839840197395,home,3
1778,away_485,9.824839840197395,away,4
1778,away_674,9.824839840197395,away,5
1779,home_120,11.2188924317468,home,1
1780,home_120,12.49318288347769,home,1
1781,home_120,12.954442710090394,home,1
1782,home_120,16.797255393122413,home,1
1783,home_120,17.592328542251476,home,1
1784,home_120,17.406733648801545,home,1
1785,home_120,17.56598295121443,home,1
1786,home_120,17.680111687259952,home,1
1787,home_120,17.732170437513904,home,1
1788,home_120,17.678433223998248,home,1
1789,home_120,17.523202666031633,home,1
1790,home_120,17.260383555641166,home,1
1791,home_120,16.391857621824347,home,1
1792,home_120,15.58705064518397,home,1
1793,home_120,14.087954242751678,home,1
1794,home_120,13.256441731252773,home,1
1795,home_120,13.407616035455034,home,1
1796,home_120,13.668538764527181,home,1
1797,home_120,13.799336236415616,home,1
1798,home_120,14.01868577352229,home,1
1799,home_120,14.125079703699463,home,1
1800,home_120,14.146679056487573,home,1
1801,home_120,13.649210064366565,home,1
1802,home_120,12.805564050530089,home,1
1803,home_120,12.212758528614954,home,1
1804,home_120,12.005971844576612,home,1
1805,home_120,11.69825281462134,home,1
1806,home_120,11.835529649099518,home,1
1807,home_120,12.121170697042468,home,1
1808,home_120,12.789609966165592,home,1
1809,home_120,14.704369560693346,home,1
1810,home_120,15.891240445805359,home,1
1811,home_120,14.656398983683337,home,1
1812,home_120,12.848970622461318,home,1
1813,home_120,11.875754417900785,home,1
1814,home_120,10.406424762913703,home,1
1815,home_120,9.229170915240456,home,1
1815,home_616,9.229170915240456,home,2
1815,home_688,9.229170915240456,home,3
1815,away_485,9.229170915240456,away,4
1815,away_674,9.229170915240456,away,5
1816,home_120,9.07010901671641,home,1
1816,home_616,9.07010901671641,home,2
1816,home_688,9.07010901671641,home,3
1816,away_485,9.07010901671641,away,4
1816,away_674,9.07010901671641,away,5
1817,home_120,9.260390489024456,home,1
1817,home_616,9.260390489024456,home,2
1817,home_688,9.260390489024456,home,3
1817,away_485,9.260390489024456,away,4
1817,away_674,9.260390489024456,away,5
1818,home_120,9.452481763222833,home,1
1818,home_616,9.452481763222833,home,2
1818,home_688,9.452481763222833,home,3
1818,away_485,9.452481763222833,away,4
1818,away_674,9.452481763222833,away,5
1819,home_120,9.744551368045684,home,1
1819,home_616,9.744551368045684,home,2
1819,home_688,9.744551368045684,home,3
1819,away_485,9.744551368045684,away,4
1819,away_674,9.744551368045684,away,5
1820,home_120,10.004499414044162,home,1
1821,home_120,9.93825515934475,home,1
1821,home_616,9.93825515934475,home,2
1821,home_688,9.93825515934475,home,3
1821,away_485,9.93825515934475,away,4
1821,away_674,9.93825515934475,away,5
1822,home_120,9.776484275596298,home,1
1822,home_616,9.776484275596298,home,2
1822,home_688,9.776484275596298,home,3
1822,away_485,9.776484275596298,away,4
1822,away_674,9.776484275596298,away,5
1823,home_120,9.579237248765743,home,1
1823,home_616,9.579237248765743,home,2
1823,home_688,9.579237248765743,home,3
1823,away_485,9.579237248765743,away,4
1823,away_674,9.579237248765743,away,5
1824,home_120,9.236143871852398,home,1
1824,home_616,9.236143871852398,home,2
1824,home_688,9.236143871852398,home,3
1824,away_485,9.236143871852398,away,4
1824,away_674,9.236143871852398,away,5
1825,home_120,8.466566715678004,home,1
1825,home_616,8.466566715678004,home,2
1825,home_688,8.466566715678004,home,3
1825,away_485,8.466566715678004,away,4
1825,away_674,8.466566715678004,away,5
1826,home_120,7.996726098917857,home,1
1826,home_616,7.996726098917857,home,2
1826,home_688,7.996726098917857,home,3
1826,away_485,7.996726098917857,away,4
1826,away_674,7.996726098917857,away,5
1827,home_120,7.8033117302738475,home,1
1827,home_616,7.8033117302738475,home,2
1827,home_688,7.8033117302738475,home,3
1827,away_485,7.8033117302738475,away,4
1827,away_674,7.8033117302738475,away,5
1828,home_120,7.869518033105898,home,1
1828,home_616,7.869518033105898,home,2
1828,home_688,7.869518033105898,home,3
1828,away_485,7.869518033105898,away,4
1828,away_674,7.869518033105898,away,5
1829,home_120,8.408008782615024,home,1
1829,home_616,8.408008782615024,home,2
1829,home_688,8.408008782615024,home,3
1829,away_485,8.408008782615024,away,4
1829,away_674,8.408008782615024,away,5
1830,home_120,8.019640113413201,home,1
1830,home_616,8.019640113413201,home,2
1830,home_688,8.019640113413201,home,3
1830,away_485,8.019640113413201,away,4
1830,away_674,8.019640113413201,away,5
1831,home_120,7.303669341086096,home,1
1831,home_616,7.303669341086096,home,2
1831,home_688,7.303669341086096,home,3
1831,away_485,7.303669341086096,away,4
1831,away_674,7.303669341086096,away,5
1832,home_120,7.0834522290374835,home,1
1832,home_616,7.0834522290374835,home,2
1832,home_688,7.0834522290374835,home,3
1832,away_485,7.0834522290374835,away,4
1832,away_674,7.0834522290374835,away,5
1833,home_120,7.686764281784582,home,1
1833,home_616,7.686764281784582,home,2
1833,home_688,7.686764281784582,home,3
1833,away_485,7.686764281784582,away,4
1833,away_674,7.686764281784582,away,5
1834,home_120,8.195504765609295,home,1
1834,home_616,8.195504765609295,home,2
1834,home_688,8.195504765609295,home,3
1834,away_485,8.195504765609295,away,4
1834,away_674,8.195504765609295,away,5
1835,home_120,8.345993327015613,home,1
1835,home_616,8.345993327015613,home,2
1835,home_688,8.345993327015613,home,3
1835,away_485,8.345993327015613,away,4
1835,away_674,8.345993327015613,away,5
1836,home_120,8.609998210606896,home,1
1836,home_616,8.609998210606896,home,2
1836,home_688,8.609998210606896,home,3
1836,away_485,8.609998210606896,away,4
1836,away_674,8.609998210606896,away,5
1837,home_120,8.865913938756178,home,1
1837,home_616,8.865913938756178,home,2
1837,home_688,8.865913938756178,home,3
1837,away_485,8.865913938756178,away,4
1837,away_674,8.865913938756178,away,5
1838,home_120,9.008438879523517,home,1
1838,home_616,9.008438879523517,home,2
1838,home_688,9.008438879523517,home,3
1838,away_485,9.008438879523517,away,4
1838,away_674,9.008438879523517,away,5
1839,home_120,9.123973823947408,home,1
1839,home_616,9.123973823947408,home,2
1839,home_688,9.123973823947408,home,3
1839,away_485,9.123973823947408,away,4
1839,away_674,9.123973823947408,away,5
1840,home_120,9.170661255305582,home,1
1840,home_616,9.170661255305582,home,2
1840,home_688,9.170661255305582,home,3
1840,away_485,9.170661255305582,away,4
1840,away_674,9.170661255305582,away,5
1841,home_120,9.069180099180143,home,1
1841,home_616,9.069180099180143,home,2
1841,home_688,9.069180099180143,home,3
1841,away_485,9.069180099180143,away,4
1841,away_674,9.069180099180143,away,5
1842,home_120,9.04146344060288,home,1
1842,home_616,9.04146344060288,home,2
1842,home_688,9.04146344060288,home,3
1842,away_485,9.04146344060288,away,4
1842,away_674,9.04146344060288,away,5
1843,home_120,9.035326063311562,home,1
1843,home_616,9.035326063311562,home,2
1843,home_688,9.035326063311562,home,3
1843,away_485,9.035326063311562,away,4
1843,away_674,9.035326063311562,away,5
1844,home_120,9.039671911898822,home,1
1844,home_616,9.039671911898822,home,2
1844,home_688,9.039671911898822,home,3
1844,away_485,9.039671911898822,away,4
1844,away_674,9.039671911898822,away,5
1845,home_120,8.93388863697459,home,1
1845,home_616,8.93388863697459,home,2
1845,home_688,8.93388863697459,home,3
1845,away_485,8.93388863697459,away,4
1845,away_674,8.93388863697459,away,5
1846,home_120,8.90524404885561,home,1
1846,home_616,8.90524404885561,home,2
1846,home_688,8.90524404885561,home,3
1846,away_485,8.90524404885561,away,4
1846,away_674,8.90524404885561,away,5
1847,home_120,8.859497244594019,home,1
1847,home_616,8.859497244594019,home,2
1847,home_688,8.859497244594019,home,3
1847,away_485,8.859497244594019,away,4
1847,away_674,8.859497244594019,away,5
1848,home_120,8.866668695595479,home,1
1848,home_616,8.866668695595479,home,2
1848,home_688,8.866668695595479,home,3
1848,away_485,8.866668695595479,away,4
1848,away_674,8.866668695595479,away,5
1849,home_120,8.879050687549388,home,1
1849,home_616,8.879050687549388,home,2
1849,home_688,8.879050687549388,home,3
1849,away_485,8.879050687549388,away,4
1849,away_674,8.879050687549388,away,5
1850,home_120,8.875977923871064,home,1
1850,home_616,8.875977923871064,home,2
1850,home_688,8.875977923871064,home,3
1850,away_485,8.875977923871064,away,4
1850,away_674,8.875977923871064,away,5
1851,home_120,8.908302300785317,home,1
1851,home_616,8.908302300785317,home,2
1851,home_688,8.908302300785317,home,3
1851,away_485,8.908302300785317,away,4
1851,away_674,8.908302300785317,away,5
1852,home_120,8.878697854813266,home,1
1852,home_616,8.878697854813266,home,2
1852,home_688,8.878697854813266,home,3
1852,away_485,8.878697854813266,away,4
1852,away_674,8.878697854813266,away,5
1853,home_120,8.8498605438973,home,1
1853,home_616,8.8498605438973,home,2
1853,home_688,8.8498605438973,home,3
1853,away_485,8.8498605438973,away,4
1853,away_674,8.8498605438973,away,5
1854,home_120,8.872071838150047,home,1
1854,home_616,8.872071838150047,home,2
1854,home_688,8.872071838150047,home,3
1854,away_485,8.872071838150047,away,4
1854,away_674,8.872071838150047,away,5
1855,home_120,8.862911166757526,home,1
1855,home_616,8.862911166757526,home,2
1855,home_688,8.862911166757526,home,3
1855,away_485,8.862911166757526,away,4
1855,away_674,8.862911166757526,away,5
1856,home_120,8.850883887370339,home,1
1856,home_616,8.850883887370339,home,2
1856,home_688,8.850883887370339,home,3
1856,away_485,8.850883887370339,away,4
1856,away_674,8.850883887370339,away,5
1857,home_120,8.810214144429363,home,1
1857,home_616,8.810214144429363,home,2
1857,home_688,8.810214144429363,home,3
1857,away_485,8.810214144429363,away,4
1857,away_674,8.810214144429363,away,5
1858,home_120,8.758520244091446,home,1
1858,home_616,8.758520244091446,home,2
1858,home_688,8.758520244091446,home,3
1858,away_485,8.758520244091446,away,4
1858,away_674,8.758520244091446,away,5
1859,home_120,8.686437239877465,home,1
1859,home_616,8.686437239877465,home,2
1859,home_688,8.686437239877465,home,3
1859,away_485,8.686437239877465,away,4
1859,away_674,8.686437239877465,away,5
1860,home_120,8.686447234502698,home,1
1860,home_616,8.686447234502698,home,2
1860,home_688,8.686447234502698,home,3
1860,away_485,8.686447234502698,away,4
1860,away_674,8.686447234502698,away,5
1861,home_120,8.739606075750132,home,1
1861,home_616,8.739606075750132,home,2
1861,home_688,8.739606075750132,home,3
1861,away_485,8.739606075750132,away,4
1861,away_674,8.739606075750132,away,5
1862,home_120,8.601098646346333,home,1
1862,home_616,8.601098646346333,home,2
1862,home_688,8.601098646346333,home,3
1862,away_485,8.601098646346333,away,4
1862,away_674,8.601098646346333,away,5
1863,home_120,8.451586101958377,home,1
1863,home_616,8.451586101958377,home,2
1863,home_688,8.451586101958377,home,3
1863,away_485,8.451586101958377,away,4
1863,away_674,8.451586101958377,away,5
1864,home_120,8.267561132897232,home,1
1864,home_616,8.267561132897232,home,2
1864,home_688,8.267561132897232,home,3
1864,away_485,8.267561132897232,away,4
1864,away_674,8.267561132897232,away,5
1865,home_120,8.080345753345856,home,1
1865,home_616,8.080345753345856,home,2
1865,home_688,8.080345753345856,home,3
1865,away_485,8.080345753345856,away,4
1865,away_674,8.080345753345856,away,5
1866,home_120,8.009516349627335,home,1
1866,home_616,8.009516349627335,home,2
1866,home_688,8.009516349627335,home,3
1866,away_485,8.009516349627335,away,4
1866,away_674,8.009516349627335,away,5
1867,home_120,7.9358173349330245,home,1
1867,home_616,7.9358173349330245,home,2
1867,home_688,7.9358173349330245,home,3
1867,away_485,7.9358173349330245,away,4
1867,away_674,7.9358173349330245,away,5
1868,home_120,7.926438080772231,home,1
1868,home_616,7.926438080772231,home,2
1868,home_688,7.926438080772231,home,3
1868,away_485,7.926438080772231,away,4
1868,away_674,7.926438080772231,away,5
1869,home_120,7.9274763336600005,home,1
1869,home_616,7.9274763336600005,home,2
1869,home_688,7.9274763336600005,home,3
1869,away_485,7.9274763336600005,away,4
1869,away_674,7.9274763336600005,away,5
1870,home_120,7.929896051717361,home,1
1870,home_616,7.929896051717361,home,2
1870,home_688,7.929896051717361,home,3
1870,away_485,7.929896051717361,away,4
1870,away_674,7.929896051717361,away,5
1871,home_120,7.924958329485983,home,1
1871,home_616,7.924958329485983,home,2
1871,home_688,7.924958329485983,home,3
1871,away_485,7.924958329485983,away,4
1871,away_674,7.924958329485983,away,5
1872,home_120,7.92498853880394,home,1
1872,home_616,7.92498853880394,home,2
1872,home_688,7.92498853880394,home,3
1872,away_485,7.92498853880394,away,4
1872,away_674,7.92498853880394,away,5
1873,home_120,7.925998354739573,home,1
1873,home_616,7.925998354739573,home,2
1873,home_688,7.925998354739573,home,3
1873,away_485,7.925998354739573,away,4
1873,away_674,7.925998354739573,away,5
1874,home_120,7.927061159718539,home,1
1874,home_616,7.927061159718539,home,2
1874,home_688,7.927061159718539,home,3
1874,away_485,7.927061159718539,away,4
1874,away_674,7.927061159718539,away,5
1875,home_120,7.928530146669887,home,1
1875,home_616,7.928530146669887,home,2
1875,home_688,7.928530146669887,home,3
1875,away_485,7.928530146669887,away,4
1875,away_674,7.928530146669887,away,5
1876,home_120,7.934462463750686,home,1
1876,home_616,7.934462463750686,home,2
1876,home_688,7.934462463750686,home,3
1876,away_485,7.934462463750686,away,4
1876,away_674,7.934462463750686,away,5
1877,home_120,7.958055141652847,home,1
1877,home_616,7.958055141652847,home,2
1877,home_688,7.958055141652847,home,3
1877,away_485,7.958055141652847,away,4
1877,away_674,7.958055141652847,away,5
1878,home_120,7.991492253409512,home,1
1878,home_616,7.991492253409512,home,2
1878,home_688,7.991492253409512,home,3
1878,away_485,7.991492253409512,away,4
1878,away_674,7.991492253409512,away,5
1879,home_120,8.070865691513832,home,1
1879,home_616,8.070865691513832,home,2
1879,home_688,8.070865691513832,home,3
1879,away_485,8.070865691513832,away,4
1879,away_674,8.070865691513832,away,5
1880,home_120,8.218540948810439,home,1
1880,home_616,8.218540948810439,home,2
1880,home_688,8.218540948810439,home,3
1880,away_485,8.218540948810439,away,4
1880,away_674,8.218540948810439,away,5
1881,home_120,8.651884282893771,home,1
1881,home_616,8.651884282893771,home,2
1881,home_688,8.651884282893771,home,3
1881,away_485,8.651884282893771,away,4
1881,away_674,8.651884282893771,away,5
1882,home_120,9.27261625798744,home,1
1882,home_616,9.27261625798744,home,2
1882,home_688,9.27261625798744,home,3
1882,away_485,9.27261625798744,away,4
1882,away_674,9.27261625798744,away,5
1883,home_120,9.955796713823359,home,1
1883,home_616,9.955796713823359,home,2
1883,home_688,9.955796713823359,home,3
1883,away_485,9.955796713823359,away,4
1883,away_674,9.955796713823359,away,5
1884,home_120,10.248474690580338,home,1
1885,home_120,10.032357186953522,home,1
1886,home_120,9.33942119517102,home,1
1886,home_616,9.33942119517102,home,2
1886,home_688,9.33942119517102,home,3
1886,away_485,9.33942119517102,away,4
1886,away_674,9.33942119517102,away,5
1887,home_120,8.82600199640427,home,1
1887,home_616,8.82600199640427,home,2
1887,home_688,8.82600199640427,home,3
1887,away_485,8.82600199640427,away,4
1887,away_674,8.82600199640427,away,5
1888,home_120,8.647134771053851,home,1
1888,home_616,8.647134771053851,home,2
1888,home_688,8.647134771053851,home,3
1888,away_485,8.647134771053851,away,4
1888,away_674,8.647134771053851,away,5
1889,home_120,8.62107294904132,home,1
1889,home_616,8.62107294904132,home,2
1889,home_688,8.62107294904132,home,3
1889,away_485,8.62107294904132,away,4
1889,away_674,8.62107294904132,away,5
1890,home_120,8.605118791462495,home,1
1890,home_616,8.605118791462495,home,2
1890,home_688,8.605118791462495,home,3
1890,away_485,8.605118791462495,away,4
1890,away_674,8.605118791462495,away,5
1891,home_120,8.583847761329805,home,1
1891,home_616,8.583847761329805,home,2
1891,home_688,8.583847761329805,home,3
1891,away_485,8.583847761329805,away,4
1891,away_674,8.583847761329805,away,5
1892,home_120,8.65165365491113,home,1
1892,home_616,8.65165365491113,home,2
1892,home_688,8.65165365491113,home,3
1892,away_485,8.65165365491113,away,4
1892,away_674,8.65165365491113,away,5
1893,home_120,8.81277819719019,home,1
1893,home_616,8.81277819719019,home,2
1893,home_688,8.81277819719019,home,3
1893,away_485,8.81277819719019,away,4
1893,away_674,8.81277819719019,away,5
1894,home_120,8.748227437364953,home,1
1894,home_616,8.748227437364953,home,2
1894,home_688,8.748227437364953,home,3
1894,away_485,8.748227437364953,away,4
1894,away_674,8.748227437364953,away,5
1895,home_120,8.008005969728934,home,1
1895,home_616,8.008005969728934,home,2
1895,home_688,8.008005969728934,home,3
1895,away_485,8.008005969728934,away,4
1895,away_674,8.008005969728934,away,5
1896,home_120,6.249387567569302,home,1
1896,home_616,6.249387567569302,home,2
1896,home_688,6.249387567569302,home,3
1896,away_485,6.249387567569302,away,4
1896,away_674,6.249387567569302,away,5
1897,home_120,4.123924752489397,home,1
1897,home_616,4.123924752489397,home,2
1897,home_688,4.123924752489397,home,3
1897,away_485,4.123924752489397,away,4
1897,away_674,4.123924752489397,away,5
1898,home_120,3.122274347397379,home,1
1898,home_616,3.122274347397379,home,2
1898,home_688,3.122274347397379,home,3
1898,away_485,3.122274347397379,away,4
1898,away_674,3.122274347397379,away,5
1899,home_120,2.962216342789353,home,1
1899,home_616,2.962216342789353,home,2
1899,home_688,2.962216342789353,home,3
1899,away_485,2.962216342789353,away,4
1899,away_674,2.962216342789353,away,5
1900,home_120,2.8325984523380714,home,1
1900,home_616,2.8325984523380714,home,2
1900,home_688,2.8325984523380714,home,3
1900,away_485,2.8325984523380714,away,4
1900,away_674,2.8325984523380714,away,5
1901,home_120,2.659610971490645,home,1
1901,home_616,2.659610971490645,home,2
1901,home_688,2.659610971490645,home,3
1901,away_485,2.659610971490645,away,4
1901,away_674,2.659610971490645,away,5
1902,home_120,2.5779344156586643,home,1
1902,home_616,2.5779344156586643,home,2
1902,home_688,2.5779344156586643,home,3
1902,away_485,2.5779344156586643,away,4
1902,away_674,2.5779344156586643,away,5
1903,home_120,4.139294892215349,home,1
1903,home_616,4.139294892215349,home,2
1903,home_688,4.139294892215349,home,3
1903,away_485,4.139294892215349,away,4
1903,away_674,4.139294892215349,away,5
1904,home_120,6.315797554298665,home,1
1904,home_616,6.315797554298665,home,2
1904,home_688,6.315797554298665,home,3
1904,away_485,6.315797554298665,away,4
1904,away_674,6.315797554298665,away,5
1905,home_120,6.0052683165483165,home,1
1905,home_616,6.0052683165483165,home,2
1905,home_688,6.0052683165483165,home,3
1905,away_485,6.0052683165483165,away,4
1905,away_674,6.0052683165483165,away,5
1906,home_120,6.143868263673648,home,1
1906,home_616,6.143868263673648,home,2
1906,home_688,6.143868263673648,home,3
1906,away_485,6.143868263673648,away,4
1906,away_674,6.143868263673648,away,5
1907,home_120,7.6750578830014495,home,1
1907,home_616,7.6750578830014495,home,2
1907,home_688,7.6750578830014495,home,3
1907,away_485,7.6750578830014495,away,4
1907,away_674,7.6750578830014495,away,5
1908,home_120,8.937497032711397,home,1
1908,home_616,8.937497032711397,home,2
1908,home_688,8.937497032711397,home,3
1908,away_485,8.937497032711397,away,4
1908,away_674,8.937497032711397,away,5
1909,home_120,9.048506166166172,home,1
1909,home_616,9.048506166166172,home,2
1909,home_688,9.048506166166172,home,3
1909,away_485,9.048506166166172,away,4
1909,away_674,9.048506166166172,away,5
1910,home_120,9.239982613205504,home,1
1910,home_616,9.239982613205504,home,2
1910,home_688,9.239982613205504,home,3
1910,away_485,9.239982613205504,away,4
1910,away_674,9.239982613205504,away,5
1911,home_120,9.44961344110203,home,1
1911,home_616,9.44961344110203,home,2
1911,home_688,9.44961344110203,home,3
1911,away_485,9.44961344110203,away,4
1911,away_674,9.44961344110203,away,5
1912,home_120,9.527713214298224,home,1
1912,home_616,9.527713214298224,home,2
1912,home_688,9.527713214298224,home,3
1912,away_485,9.527713214298224,away,4
1912,away_674,9.527713214298224,away,5
1913,home_120,9.618262902501236,home,1
1913,home_616,9.618262902501236,home,2
1913,home_688,9.618262902501236,home,3
1913,away_485,9.618262902501236,away,4
1913,away_674,9.618262902501236,away,5
1914,home_120,9.667596801949541,home,1
1914,home_616,9.667596801949541,home,2
1914,home_688,9.667596801949541,home,3
1914,away_485,9.667596801949541,away,4
1914,away_674,9.667596801949541,away,5
1915,home_120,9.712065843969963,home,1
1915,home_616,9.712065843969963,home,2
1915,home_688,9.712065843969963,home,3
1915,away_485,9.712065843969963,away,4
1915,away_674,9.712065843969963,away,5
1916,home_120,9.839060256757504,home,1
1916,home_616,9.839060256757504,home,2
1916,home_688,9.839060256757504,home,3
1916,away_485,9.839060256757504,away,4
1916,away_674,9.839060256757504,away,5
1917,home_120,10.010814805042102,home,1
1918,home_120,10.02829446145264,home,1
1919,home_120,10.098051599469871,home,1
1920,home_120,10.26147181336142,home,1
1921,home_120,10.50846173697208,home,1
1922,home_120,10.801567275489052,home,1
1923,home_120,11.015616382498274,home,1
1924,home_120,10.911089271556776,home,1
1925,home_120,10.664044595132312,home,1
1926,home_120,10.406638021797606,home,1
1927,home_120,10.222774561763567,home,1
1928,home_120,10.2230842376152,home,1
1929,home_120,10.239663121996252,home,1
1930,home_120,10.252965362495296,home,1
1931,home_120,10.267661529524625,home,1
1932,home_120,10.259225914521327,home,1
1933,home_120,10.240633895894227,home,1
1934,home_120,10.15958205820727,home,1
1935,home_120,10.042071122828498,home,1
1936,home_120,9.81777739574767,home,1
1936,home_616,9.81777739574767,home,2
1936,home_688,9.81777739574767,home,3
1936,away_485,9.81777739574767,away,4
1936,away_674,9.81777739574767,away,5
1937,home_120,9.378003036916484,home,1
1937,home_616,9.378003036916484,home,2
1937,home_688,9.378003036916484,home,3
1937,away_485,9.378003036916484,away,4
1937,away_674,9.378003036916484,away,5
1938,home_120,8.881871830913846,home,1
1938,home_616,8.881871830913846,home,2
1938,home_688,8.881871830913846,home,3
1938,away_485,8.881871830913846,away,4
1938,away_674,8.881871830913846,away,5
1939,home_120,8.516310885758534,home,1
1939,home_616,8.516310885758534,home,2
1939,home_688,8.516310885758534,home,3
1939,away_485,8.516310885758534,away,4
1939,away_674,8.516310885758534,away,5
1940,home_120,8.093875433205204,home,1
1940,home_616,8.093875433205204,home,2
1940,home_688,8.093875433205204,home,3
1940,away_485,8.093875433205204,away,4
1940,away_674,8.093875433205204,away,5
1941,home_120,7.5265795205094985,home,1
1941,home_616,7.5265795205094985,home,2
1941,home_688,7.5265795205094985,home,3
1941,away_485,7.5265795205094985,away,4
1941,away_674,7.5265795205094985,away,5
1942,home_120,7.457626792073171,home,1
1942,home_616,7.457626792073171,home,2
1942,home_688,7.457626792073171,home,3
1942,away_485,7.457626792073171,away,4
1942,away_674,7.457626792073171,away,5
1943,home_120,7.251481499437426,home,1
1943,home_616,7.251481499437426,home,2
1943,home_688,7.251481499437426,home,3
1943,away_485,7.251481499437426,away,4
1943,away_674,7.251481499437426,away,5
1944,home_120,7.174233424493519,home,1
1944,home_616,7.174233424493519,home,2
1944,home_688,7.174233424493519,home,3
1944,away_485,7.174233424493519,away,4
1944,away_674,7.174233424493519,away,5
1945,home_120,7.473971403019549,home,1
1945,home_616,7.473971403019549,home,2
1945,home_688,7.473971403019549,home,3
1945,away_485,7.473971403019549,away,4
1945,away_674,7.473971403019549,away,5
1946,home_120,7.955153809865098,home,1
1946,home_616,7.955153809865098,home,2
1946,home_688,7.955153809865098,home,3
1946,away_485,7.955153809865098,away,4
1946,away_674,7.955153809865098,away,5
1947,home_120,7.701514664693644,home,1
1947,home_616,7.701514664693644,home,2
1947,home_688,7.701514664693644,home,3
1947,away_485,7.701514664693644,away,4
1947,away_674,7.701514664693644,away,5
1948,home_120,7.734087485085759,home,1
1948,home_616,7.734087485085759,home,2
1948,home_688,7.734087485085759,home,3
1948,away_485,7.734087485085759,away,4
1948,away_674,7.734087485085759,away,5
1949,home_120,7.7338714071919,home,1
1949,home_616,7.7338714071919,home,2
1949,home_688,7.7338714071919,home,3
1949,away_485,7.7338714071919,away,4
1949,away_674,7.7338714071919,away,5
1950,home_120,7.975048749930269,home,1
1950,home_616,7.975048749930269,home,2
1950,home_688,7.975048749930269,home,3
1950,away_485,7.975048749930269,away,4
1950,away_674,7.975048749930269,away,5
1951,home_120,8.369823204995253,home,1
1951,home_616,8.369823204995253,home,2
1951,home_688,8.369823204995253,home,3
1951,away_485,8.369823204995253,away,4
1951,away_674,8.369823204995253,away,5
1952,home_120,8.860757777013205,home,1
1952,home_616,8.860757777013205,home,2
1952,home_688,8.860757777013205,home,3
1952,away_485,8.860757777013205,away,4
1952,away_674,8.860757777013205,away,5
1953,home_120,9.301845964281533,home,1
1953,home_616,9.301845964281533,home,2
1953,home_688,9.301845964281533,home,3
1953,away_485,9.301845964281533,away,4
1953,away_674,9.301845964281533,away,5
1954,home_120,9.604392905928837,home,1
1954,home_616,9.604392905928837,home,2
1954,home_688,9.604392905928837,home,3
1954,away_485,9.604392905928837,away,4
1954,away_674,9.604392905928837,away,5
1955,home_120,9.596878013582595,home,1
1955,home_616,9.596878013582595,home,2
1955,home_688,9.596878013582595,home,3
1955,away_485,9.596878013582595,away,4
1955,away_674,9.596878013582595,away,5
1956,home_120,9.586271759923823,home,1
1956,home_616,9.586271759923823,home,2
1956,home_688,9.586271759923823,home,3
1956,away_485,9.586271759923823,away,4
1956,away_674,9.586271759923823,away,5
1957,home_120,9.403375409246031,home,1
1957,home_616,9.403375409246031,home,2
1957,home_688,9.403375409246031,home,3
1957,away_485,9.403375409246031,away,4
1957,away_674,9.403375409246031,away,5
1958,home_120,9.1975645698972,home,1
1958,home_616,9.1975645698972,home,2
1958,home_688,9.1975645698972,home,3
1958,away_485,9.1975645698972,away,4
1958,away_674,9.1975645698972,away,5
1959,home_120,8.99551414285602,home,1
1959,home_616,8.99551414285602,home,2
1959,home_688,8.99551414285602,home,3
1959,away_485,8.99551414285602,away,4
1959,away_674,8.99551414285602,away,5
1960,home_120,8.909400124821683,home,1
1960,home_616,8.909400124821683,home,2
1960,home_688,8.909400124821683,home,3
1960,away_485,8.909400124821683,away,4
1960,away_674,8.909400124821683,away,5
1961,home_120,8.888622772131386,home,1
1961,home_616,8.888622772131386,home,2
1961,home_688,8.888622772131386,home,3
1961,away_485,8.888622772131386,away,4
1961,away_674,8.888622772131386,away,5
1962,home_120,8.88733870299941,home,1
1962,home_616,8.88733870299941,home,2
1962,home_688,8.88733870299941,home,3
1962,away_485,8.88733870299941,away,4
1962,away_674,8.88733870299941,away,5
1963,home_120,8.909890017866454,home,1
1963,home_616,8.909890017866454,home,2
1963,home_688,8.909890017866454,home,3
1963,away_485,8.909890017866454,away,4
1963,away_674,8.909890017866454,away,5
1964,home_120,8.846221982031215,home,1
1964,home_616,8.846221982031215,home,2
1964,home_688,8.846221982031215,home,3
1964,away_485,8.846221982031215,away,4
1964,away_674,8.846221982031215,away,5
1965,home_120,8.829097870613111,home,1
1965,home_616,8.829097870613111,home,2
1965,home_688,8.829097870613111,home,3
1965,away_485,8.829097870613111,away,4
1965,away_674,8.829097870613111,away,5
1966,home_120,9.19573051101564,home,1
1966,home_616,9.19573051101564,home,2
1966,home_688,9.19573051101564,home,3
1966,away_485,9.19573051101564,away,4
1966,away_674,9.19573051101564,away,5
1967,home_120,10.440161276404329,home,1
1968,home_120,10.691202643925003,home,1
1969,home_120,11.98213361149742,home,1
1970,home_120,13.458227313563057,home,1
1971,home_120,14.78719314355838,home,1
1972,home_120,15.747068926021916,home,1
1973,home_120,16.526524122473727,home,1
1974,home_120,16.77932410480619,home,1
1975,home_120,16.482316274083566,home,1
1976,home_120,16.871420563382475,home,1
1977,home_120,16.986946508249353,home,1
1978,home_120,17.110485668884476,home,1
1979,home_120,16.893343210863268,home,1
1980,home_120,16.45679407069463,home,1
1981,home_120,16.045228295535374,home,1
1982,home_120,15.900922077360166,home,1
1983,home_120,15.713945623952535,home,1
1984,home_120,15.464298847574371,home,1
1985,home_120,15.215680794071622,home,1
1986,home_120,14.868325482066632,home,1
1987,home_120,14.223098425005823,home,1
1988,home_120,14.259025944446705,home,1
1989,home_120,14.586518238727876,home,1
1990,home_120,13.865846393213177,home,1
1991,home_120,11.959097386042226,home,1
1992,home_120,10.349432426413209,home,1
1993,home_120,9.859399374850005,home,1
1993,home_616,9.859399374850005,home,2
1993,home_688,9.859399374850005,home,3
1993,away_485,9.859399374850005,away,4
1993,away_674,9.859399374850005,away,5
1994,home_120,9.459592357985041,home,1
1994,home_616,9.459592357985041,home,2
1994,home_688,9.459592357985041,home,3
1994,away_485,9.459592357985041,away,4
1994,away_674,9.459592357985041,away,5
1995,home_120,9.360187242323228,home,1
1995,home_616,9.360187242323228,home,2
1995,home_688,9.360187242323228,home,3
1995,away_485,9.360187242323228,away,4
1995,away_674,9.360187242323228,away,5
1996,home_120,9.23488623880619,home,1
1996,home_616,9.23488623880619,home,2
1996,home_688,9.23488623880619,home,3
1996,away_485,9.23488623880619,away,4
1996,away_674,9.23488623880619,away,5
1997,home_120,9.185986618733777,home,1
1997,home_616,9.185986618733777,home,2
1997,home_688,9.185986618733777,home,3
1997,away_485,9.185986618733777,away,4
1997,away_674,9.185986618733777,away,5
1998,home_120,9.212701917338173,home,1
1998,home_616,9.212701917338173,home,2
1998,home_688,9.212701917338173,home,3
1998,away_485,9.212701917338173,away,4
1998,away_674,9.212701917338173,away,5
1999,home_120,9.304671172115272,home,1
1999,home_616,9.304671172115272,home,2
1999,home_688,9.304671172115272,home,3
1999,away_485,9.304671172115272,away,4
1999,away_674,9.304671172115272,away,5
