frame,ball_x,ball_y,player_with_possession,team_with_possession,min_distance
1000,-0.35614422872775786,0.2815506391391047,home_120,home,0.4539928127798147
1001,-0.36995797786426043,0.29239877614816306,home_120,home,0.4715569421378039
1002,-0.37907335335501946,0.29955458900455345,home_120,home,0.4831454843186536
1003,-0.3847529156938992,0.30401657482691635,home_120,home,0.49036811061124963
1004,-0.3885338857537007,0.3069885473118573,home_120,home,0.49517729002804056
1005,-0.39488682089877253,0.3119775069199812,home_120,home,0.5032549713053476
1006,-0.43070634505494326,0.3400591562924972,home_120,home,0.5487697016499298
1007,-0.44826710055219776,0.3538412876984141,home_120,home,0.5710928561254693
1008,-0.4510402300777844,0.35602968912435046,home_120,home,0.5746254681848015
1009,-0.47730820481600233,0.3765275914117298,home_120,home,0.6079441993135499
1010,-0.4776210593893638,0.3767429316488362,home_120,home,0.6083231977490073
1011,-0.47616057205341,0.3755838020822535,home_120,home,0.60645864060527
1012,-0.4747426662991214,0.3744659419501897,home_120,home,0.6046530748168256
1013,-0.4729538430131985,0.3730611178808899,home_120,home,0.6023785647709358
1014,-0.4730780627130524,0.37316001103238,home_120,home,0.6025373409623844
1015,-0.47316501650295,0.3732292362384232,home_120,home,0.6026484842969023
1016,-0.4732258841558785,0.3732776938826533,home_120,home,0.6027262846313115
1017,-0.4732684915129283,0.3733116142336144,home_120,home,0.6027807448655188
1018,-0.4732983468450334,0.3733353587986692,home_120,home,0.6028188909246065
1019,-0.47331945799689445,0.3733521726277298,home_120,home,0.6028458792463627
1020,-0.5366829462956609,0.4230551233662183,home_120,home,0.683377071791992
1021,-0.5619809558205955,0.4428830779625552,home_120,home,0.7155194025675452
1022,-0.5144900145025222,0.4055099065888359,home_120,home,0.6550864518248656
1023,-0.5094335392407936,0.4014949608517336,home_120,home,0.6486298902245689
1024,-0.5940518844240923,0.46772058365142194,home_120,home,0.7560821289774292
1025,-0.6387331872087606,0.5026909464041026,home_120,home,0.8128211808500773
1026,-0.6699526111101887,0.527122884633256,home_120,home,0.852464096978544
1027,-0.6901777856586,0.5429515338966616,home_120,home,0.8781467667635895
1028,-0.707343815711626,0.5563850496918173,home_120,home,0.8999442189080659
1029,-0.7083482236457247,0.557173550945717,home_120,home,0.9012211558854536
1030,-0.7086270351321917,0.5573936766959374,home_120,home,0.9015763892986859
1031,-0.7088858913397896,0.5575976272394434,home_120,home,0.9019059379135195
1032,-0.6749073202305448,0.5310022308440181,home_120,home,0.8587568107806185
1033,-0.6730739439215021,0.5295796866874277,home_120,home,0.8564363248590052
1034,-0.6688123124549185,0.526252414927964,home_120,home,0.851029678394831
1035,-0.6648823135868095,0.5231811503902783,home_120,home,0.8460419652973743
1036,-0.6605618792172041,0.5198021014643409,home_120,home,0.8405570896504944
1037,-0.6880185214160577,0.5413109050130035,home_120,home,0.875435309830221
1038,-0.7998498449912402,0.6288791855091024,home_120,home,1.0174717708610412
1039,-0.8170330714938681,0.6423210718563718,home_120,home,1.039287928952041
1040,-0.7693692672280431,0.6049648803826009,home_120,home,0.9787295723801087
1041,-0.7575873013999274,0.5957252855699113,home_120,home,0.9637567821342565
1042,-0.7462671314659033,0.5868614904806911,home_120,home,0.9493792922302267
1043,-0.7359422001242665,0.5787797602251892,home_120,home,0.9362675540517643
1044,-0.7300640999279819,0.5741789685031489,home_120,home,0.9288030350267996
1045,-0.8196122119495876,0.6442303199522041,home_120,home,1.042495507483181
1046,-0.8726529933647111,0.6857468719665428,home_120,home,1.109852251085832
1047,-0.9023647253552979,0.7089965503765799,home_120,home,1.1475792809263472
1048,-1.0545540957487085,0.827985835263606,home_120,home,1.340762799400978
1049,-1.1550509370240958,0.9065309446845242,home_120,home,1.4683123035617651
1050,-1.2081415859168672,0.9480134312791669,home_120,home,1.5356873241345137
1051,-1.375593430141807,1.0789692518954168,home_120,home,1.748265406505848
1052,-1.474948171099265,1.1566523813267917,home_120,home,1.8743843892483751
1053,-1.5416807397694854,1.2088299269287544,home_120,home,1.9590939986674365
1054,-1.6589589678386398,1.3006585788501281,home_120,home,2.108045918785613
1055,-1.7993955674870474,1.4105401451950894,home_120,home,2.28636128149053
1056,-1.9090363972409334,1.4963128616365626,home_120,home,2.425566355697086
1057,-2.2445389380686533,1.7585528231455938,home_120,home,2.8513966886948046
1058,-2.574400866648057,2.0164145562019162,home_120,home,3.2700867702036955
1059,-2.7818090866536402,2.178523979341341,home_120,home,3.5333310803198152
1060,-3.162442160657548,2.476229185538939,home_120,home,4.016559647113337
1061,-3.8765390724602837,3.0346585698772572,home_120,home,4.923079099104616
1062,-4.411076140722199,3.4525850189140797,,none,5.6016012025204525
1063,-5.084040798505539,3.9786452732398563,,none,6.455779507630561
1064,-5.997293148953877,4.692502971267899,,none,7.614926739624431
1065,-6.276222304267714,4.910489179887529,,none,7.968931571947398
1066,-6.3798191129874,4.991473515921271,,none,8.100425900814278
1067,-6.394932179091179,5.003287961144889,,none,8.119608857408911
1068,-6.394936075363826,5.003290872801423,,none,8.119613720236186
1069,-6.394937352754678,5.003291690960996,,none,8.119615230446351
1070,-6.500727546928276,5.085951643672697,,none,8.253869562888012
1071,-6.479561682849793,5.069475750570888,,none,8.22704710011323
1072,-6.295165177994854,4.925480125399621,,none,7.9930882069413975
1073,-6.083443444596399,4.760089277779735,,none,7.724424514229943
1074,-5.451858891217479,4.266480914445815,,none,6.922833579039545
1075,-4.928433123852235,3.8573723401120703,,none,6.2584961793186045
1076,-4.647961346696564,3.6381429580784492,,none,5.902510386589857
1077,-4.494998762687596,3.518567770654915,,none,5.708356421357597
1078,-4.5111382738813175,3.53117897945844,,none,5.728838757640685
1079,-4.535563981716922,3.550254785620908,,none,5.759830698473004
1080,-4.5684054872018445,3.575914289934636,,none,5.8015077095919345
1081,-4.603863491041292,3.6036249929542454,,none,5.846509397408628
1082,-4.660924993728904,3.648229995067971,,none,5.918936044094448
1083,-4.873166995610233,3.81425959654758,,none,6.188403092637079
1084,-5.183045996927162,4.056519197583307,,none,6.581740940406618
1085,-5.932500997849014,4.642295998308315,,none,7.532959592709159
1086,-6.778832998494311,5.30376499881582,,none,8.607119145459713
1087,-7.745565998946017,6.059341999171075,,none,9.834094676529563
1088,-8.260018999262211,6.4614129994197524,,none,10.487028741127931
1089,-8.734747999483547,6.8324539995938265,,none,11.08955590955055
1090,-8.760321999638483,6.852441999715677,,none,11.122014336297962
1091,-9.000315599746939,7.040019499800975,,none,11.426616098067969
1092,-9.460335999822858,7.399603999860683,,none,12.010499431093555
1093,-10.142140499876,7.932624499902477,,none,12.875928913118386
1094,-10.9325659999132,8.550550999931733,,none,13.879226266074477
1095,-11.69034899993924,9.142956999952213,,none,14.841088991154104
1096,-12.027969999957469,9.407063599966552,,none,15.269738304689197
1097,-12.120294999970229,9.479414699976584,,none,15.387035255059224
1098,-12.431389999979158,9.72274999998361,,none,15.781993691982109
1099,-12.78807499998541,10.001553999988527,,none,16.23471418350007
1100,-12.906605999989788,10.094240999991968,,none,16.385181714124847
1101,-12.88444199999285,10.076925999994378,,none,16.357056069493144
1102,-12.956341999994995,10.133235499996063,,none,16.448381674779277
1103,-13.040235999996499,10.198949599997245,,none,16.554948742865037
1104,-13.304635999997547,10.405513999998073,,none,16.890472482929145
1105,-13.554318999998284,10.60061499999865,,none,17.207341512619283
1106,-13.7262399999988,10.735071999999054,,none,17.425597131310326
1107,-13.750664999999158,10.754169999999338,,none,17.45660219891281
1108,-13.773985999999411,10.772389999999536,,none,17.486196746012833
1109,-13.799801999999588,10.792449999999675,,none,17.51889015439293
1110,-13.815746999999712,10.80474399999977,,none,17.539023863189538
1111,-13.776172999999801,10.77370699999984,,none,17.488730801512414
1112,-13.732511999999858,10.739403999999888,,none,17.433206363298567
1113,-13.692372999999902,10.707882999999923,,none,17.38217008065488
1114,-13.66368899999993,10.685390999999946,,none,17.34571929646041
1115,-13.745244999999953,10.74945999999996,,none,17.449431234330326
1116,-13.82173599999997,10.80960799999997,,none,17.546737906726666
1117,-13.870980999999981,10.84826499999998,,none,17.609343185155574
1118,-13.889744999999982,10.863021999999987,,none,17.633214770356204
1119,-13.846282999999989,10.82912999999999,,none,17.578100280547623
1120,-13.85023999999999,10.83222699999999,,none,17.583125144215078
1121,-13.877781999999993,10.853771999999994,,none,17.61809296909026
1122,-13.895890999999997,10.867922,,none,17.641074663465513
1123,-13.915976999999998,10.883615999999995,,none,17.666564835869615
1124,-13.919145999999998,10.886093999999998,,none,17.67058765140967
1125,-13.919272000000001,10.886192999999999,,none,17.67074789145137
1126,-13.92042,10.887089000000001,,none,17.67220415993209
1127,-13.929119,10.893887,,none,17.68324433142657
1128,-13.983112,10.936079,,none,17.751767379581814
1129,-13.990367,10.941718000000002,,none,17.760956100002417
1130,-13.997902,10.947607,,none,17.77051939106038
1131,-14.013729000000001,10.95999,,none,17.790614977721848
1132,-14.017677,10.963080999999999,,none,17.795629055722923
1133,-14.020359000000003,10.965183999999999,,none,17.799037239208673
1134,-14.029058,10.971995999999999,,none,17.81008603548506
1135,-14.039854,10.980453,,none,17.823800055726753
1136,-14.040115,10.980667,,none,17.824137482024593
1137,-14.041614,10.981848,,none,17.826045809996675
1138,-14.046174,10.985433,,none,17.831846293521178
1139,-14.049736000000005,10.988230000000001,,none,17.836375197965424
1140,-14.056768,10.993735,,none,17.84530570923482
1141,-14.055862,10.993030000000001,,none,17.844157731424144
1142,-14.061266,10.997252000000001,,none,17.85101546339199
1143,-14.064440999999999,10.999734,,none,17.85504546936907
1144,-14.067561000000001,11.002177999999999,,none,17.859008741596075
1145,-14.066437,11.001306,,none,17.8575861633258
1146,-14.067440999999999,11.002097000000001,,none,17.858864316800492
1147,-14.062898999999998,10.998549,,none,17.853100806011316
1148,-14.0623,10.998080999999999,,none,17.852340658091897
1149,-14.062925,10.998569999999999,,none,17.853134223450095
1150,-14.069166999999998,11.003445,,none,17.861054334554662
1151,-14.066296,11.001204,,none,17.857412259597748
1152,-14.066329999999999,11.001238,,none,17.857459987398656
1153,-14.066482,11.001357,,none,17.85765302882137
1154,-14.066151999999999,11.001106,,none,17.857238457005046
1155,-14.064893999999999,11.000133,,none,17.855648104981373
1156,-14.064801,11.000065,,none,17.855532956868746
1157,-14.06324,10.998845,,none,17.853551765170565
1158,-14.059377,10.995824,,none,17.848647765786207
1159,-14.059335,10.995793,,none,17.84859558455718
1160,-14.064810999999999,11.000074,,none,17.855546378400103
1161,-14.065588,11.000686,,none,17.856535449418512
1162,-14.063490999999999,10.999054000000001,,none,17.853878234209983
1163,-14.063131,10.998771999999999,,none,17.853420933567463
1164,-14.065171,11.000373999999999,,none,17.856014768114328
1165,-14.066094,11.001101,,none,17.857189690123054
1166,-14.065891999999998,11.00095,,none,17.856937549819786
1167,-14.065463999999999,11.000624,,none,17.856399578993294
1168,-14.065463999999999,11.000628999999998,,none,17.856402659296663
1169,-14.069373,11.00368,,none,17.861361374641323
1170,-14.07083,11.004812,,none,17.863206432335826
1171,-14.072137,11.005824,,none,17.86485940794791
1172,-14.074023,11.007295,,none,17.867251232955617
1173,-14.074956,11.008005,,none,17.868423558947807
1174,-14.076632999999998,11.009291000000001,,none,17.87053678375023
1175,-14.075839999999998,11.008668,,none,17.869528332886237
1176,-14.076469999999999,11.009158,,none,17.870326452806168
1177,-14.079302000000002,11.01137,,none,17.87391994175044
1178,-14.077954,11.010317,,none,17.872209412006256
1179,-14.070773999999998,11.004696,,none,17.86309085828911
1180,-14.060420999999998,10.996590000000001,,none,17.84994202582577
1181,-14.042079000000001,10.982219,,none,17.82664064837237
1182,-14.029346,10.972227,,none,17.81045520269611
1183,-14.024268000000001,10.968240000000002,,none,17.8039990348636
1184,-14.023802,10.967876,,none,17.803407721180236
1185,-14.017533,10.962964,,none,17.795443548037372
1186,-14.017659000000002,10.963064,,none,17.795604404132416
1187,-14.018126000000002,10.963431,,none,17.796198353683213
1188,-14.018257,10.963533,,none,17.796364380404725
1189,-14.019110000000001,10.964199,,none,17.797446583813674
1190,-14.020942,10.965625,,none,17.799768150399853
1191,-14.010646999999999,10.957519999999999,,none,17.786665620880406
1192,-14.011937,10.958528,,none,17.788302741373414
1193,-14.013420000000002,10.959686,,none,17.790184296824922
1194,-14.013198,10.959512,,none,17.789902233158788
1195,-14.014082000000004,10.960206000000001,,none,17.791026104897945
1196,-14.015698,10.961477,,none,17.79308203906038
1197,-14.015728999999999,10.961511,,none,17.793127403707363
1198,-14.021029,10.965677000000001,,none,17.799868715447595
1199,-14.02816,10.971287,,none,17.808941895069708
1200,-14.031123000000001,10.97363,,none,17.812719276349387
1201,-14.033520000000001,10.97552,,none,17.815771744743476
1202,-14.035908,10.977397000000002,,none,17.818809115091643
1203,-14.039188,10.979973,,none,17.822979739091693
1204,-14.037678000000001,10.978789999999998,,none,17.821061514280903
1205,-14.041057,10.981432999999999,,none,17.82535139655704
1206,-14.037345,10.978527999999999,,none,17.82063780272213
1207,-14.031353,10.973828000000001,,none,17.813022426982823
1208,-14.031422,10.973870999999999,,none,17.81310326885029
1209,-14.027976,10.971172,,none,17.80872611138034
1210,-14.026106,10.969702999999999,,none,17.806348121707746
1211,-14.025619,10.969319,,none,17.80572794515636
1212,-14.025631,10.969326,,none,17.805741709977628
1213,-14.024661000000002,10.968563999999999,,none,17.804508204020042
1214,-14.008062999999995,10.955579,,none,17.783434433123706
1215,-13.989937,10.941400000000002,,none,17.760421482159963
1216,-13.948853,10.909221,,none,17.70823545253592
1217,-13.902264,10.872686000000002,,none,17.649029581829478
1218,-13.836333,10.821043999999999,,none,17.56528121428248
1219,-13.81891,10.807393,,none,17.543147295868806
1220,-13.81396,10.803523,,none,17.536864032463985
1221,-13.800789,10.793214,,none,17.520138283481582
1222,-13.794924000000002,10.788626999999998,,none,17.51269256028053
1223,-13.816987,10.805907,,none,17.540717084851977
1224,-13.754185999999999,10.756702,,none,17.46093555452857
1225,-13.564897,10.607825,,none,17.2201156166628
1226,-13.580044000000001,10.619748999999999,,none,17.239392792814282
1227,-13.533186,10.583101999999998,,none,17.179906031553255
1228,-13.370688,10.456055,,none,16.973637905775206
1229,-13.328806,10.423339,,none,16.92049246607666
1230,-13.330132,10.424312,,none,16.922136384356676
1231,-13.25969,10.369195999999999,,none,16.832694513431772
1232,-13.158949999999999,10.290280000000001,,none,16.70472470832429
1233,-13.076510000000003,10.225507,,none,16.59988274618677
1234,-13.035277999999998,10.193145,,none,16.547467405265042
1235,-13.019784,10.1810724,,none,16.52782534457264
1236,-13.018689,10.180296,,none,16.526484499927292
1237,-12.982211999999999,10.151977,,none,16.48030538010364
1238,-12.958158000000001,10.1334467,,none,16.449942272686094
1239,-12.864099000000001,10.06028,,none,16.33077697968474
1240,-12.739386999999999,9.962870500000001,,none,16.17253133357729
1241,-12.397129999999999,9.695301500000001,,none,15.738097197971623
1242,-11.917897,9.320537,,none,15.129728314513054
1243,-11.743352,9.183931,,none,14.908081862153326
1244,-11.953071,9.3477625,,none,15.174207395691125
1245,-11.584795999999999,9.059736000000001,,none,14.706675856607163
1246,-10.889237000000001,8.5159076,,none,13.823753639800834
1247,-10.072762,7.8776530000000005,,none,12.787413776720179
1248,-9.394792,7.3476935,,none,11.926890478796485
1249,-8.892790999999999,6.955252000000001,,none,11.289697168355978
1250,-8.701359,6.8054987,,none,11.046649311107087
1251,-9.2880676,7.264006,,none,11.791267230887687
1252,-9.849405,7.7027386,,none,12.503717878853273
1253,-10.358883,8.100936,,none,13.150346804696255
1254,-10.643982000000001,8.323789999999999,,none,13.512210506812865
1255,-10.851799000000002,8.486291,,none,13.776018164661442
1256,-11.202754,8.760796000000001,,none,14.22157669663009
1257,-11.610859,9.0799994,,none,14.739689135863122
1258,-12.187266,9.530933,,none,15.471526634603483
1259,-12.646115,9.8897925,,none,16.05404062179616
1260,-12.831807,10.0349,,none,16.289704997183005
1261,-12.82931,10.0329193,,none,16.286517883096202
1262,-12.858629999999998,10.0558405,,none,16.32373405928742
1263,-12.884580000000001,10.0761163,,none,16.35666596429498
1264,-12.772632000000002,9.988664,,none,16.214608743732303
1265,-12.667639,9.906625400000001,,none,16.08136513640077
1266,-12.667539,9.906547,,none,16.081238067379324
1267,-12.667380000000001,9.906424,,none,16.081037047783205
1268,-12.648231000000001,9.8914734,,none,16.056742927887605
1269,-12.616985999999999,9.867089,,none,16.017109010621017
1270,-12.509151999999998,9.782933,,none,15.880323102556602
1271,-12.362063000000001,9.668055000000003,,none,15.693689467394023
1272,-12.184429,9.529236,,none,15.468246468159762
1273,-11.972598,9.363554,,none,15.199317299817121
1274,-11.626240000000001,9.092872999999999,,none,14.759735632176106
1275,-11.476174,8.975633,,none,14.569301885435864
1276,-11.204878,8.763601700000002,,none,14.224978233766368
1277,-10.630181,8.314314000000001,,none,13.4955016721631
1278,-9.507122000000003,7.436319600000001,,none,12.069971744632554
1279,-9.429642,7.375795,,none,11.97165402649897
1280,-9.238141500000001,7.2261809999999995,,none,11.72863803767442
1281,-8.956069300000001,7.005752,,none,11.370652505107458
1282,-8.569302400000002,6.703468,,none,10.879771452088034
1283,-8.190291,6.407229999999999,,none,10.398724101426145
1284,-7.9667200000000005,6.232478599999999,,none,10.114960062099009
1285,-7.921582600000001,6.197197999999999,,none,10.057670403220953
1286,-7.913202,6.1906476,,none,10.047033572163963
1287,-7.906507999999999,6.1854156,,none,10.038537488040145
1288,-7.9064886,6.1854,,none,10.038512596093604
1289,-7.9044073,6.1837714,,none,10.035869842308202
1290,-7.7912506,6.095225,,none,9.892186498071363
1291,-6.607414,5.169188,,none,8.389184963197557
1292,-4.8188562,3.7707056,,none,6.118790386845246
1293,-4.028944,3.1531488000000003,,none,5.1161252046912855
1294,-4.028416,3.1527362,,none,5.115455113266702
1295,-3.8978750000000004,3.0506292999999998,home_120,home,4.9497240975274055
1296,-3.599496,2.8172742,home_120,home,4.570930471140601
1297,-3.5152866000000005,2.7514684999999997,home_120,home,4.464058555466293
1298,-3.8368225000000002,3.0028143,home_120,home,4.8721761684888545
1299,-4.1731738,3.2657299999999996,,none,5.299091620070976
1300,-4.7063060000000005,3.6824457,,none,5.975761248500855
1301,-5.486287,4.2921154999999995,,none,6.96574479231828
1302,-5.727307,4.4805008,,none,7.271652693236224
1303,-5.9598083,4.6622467,,none,7.566760156395191
1304,-7.010368700000002,5.483486,,none,8.900218425529552
1305,-8.22766,6.435517,,none,10.445586059809617
1306,-10.1961383,7.974679599999999,,none,12.944371400550242
1307,-11.597743000000001,9.07042,,none,14.723456172735023
1308,-12.158502,9.508942,,none,15.435321468740714
1309,-12.843760999999999,10.045071,,none,16.305387085873246
1310,-13.222165999999994,10.341075,,none,16.78581263708078
1311,-13.359998000000001,10.448865000000001,,none,16.96078790470033
1312,-13.400271,10.480319,,none,17.011888467045686
1313,-13.435867000000004,10.508086,,none,17.057033547046952
1314,-13.429038,10.502596,,none,17.04827218062464
1315,-13.357085000000001,10.446049,,none,16.956758517111286
1316,-13.241117,10.354979,,none,16.809306038564767
1317,-13.260800999999997,10.37015,,none,16.834157364837154
1318,-13.317086999999997,10.413989999999998,,none,16.905501882099475
1319,-13.43494,10.506322,,none,17.055216643926983
1320,-13.479313,10.540934,,none,17.11149229448808
1321,-13.542383999999995,10.590713000000001,,none,17.19184010662689
1322,-13.659817,10.682668000000001,,none,17.34099178454661
1323,-13.715356,10.726272,,none,17.4116024887062
1324,-13.751560999999997,10.754703,,none,17.457636339290893
1325,-13.75283,10.755757000000001,,none,17.45928525604496
1326,-13.75283,10.755757000000001,,none,17.45928525604496
1327,-13.75283,10.755757000000001,,none,17.45928525604496
1328,-13.730036999999998,10.73788,,none,17.430317923542557
1329,-13.705559,10.718651999999999,,none,17.39919102141203
1330,-13.693783000000003,10.709385,,none,17.384206048287453
1331,-13.680225999999998,10.698767,,none,17.366985885045366
1332,-13.653047999999998,10.67758,,none,17.33252533091194
1333,-13.709943,10.722297000000001,,none,17.40488983071878
1334,-13.780278000000001,10.777408000000001,,none,17.494244337945783
1335,-13.83569,10.820773999999998,,none,17.5646083854772
1336,-13.835803,10.820863,,none,17.56475222482737
1337,-13.835812,10.82087,,none,17.56476362654061
1338,-13.835813000000005,10.820872,,none,17.56476564635444
1339,-13.835813000000005,10.820872,,none,17.56476564635444
1340,-13.836741000000002,10.821595,,none,17.56594204263199
1341,-13.853971,10.835068000000001,,none,17.587814276750397
1342,-13.863478,10.842502,,none,17.59988272337313
1343,-13.872944000000002,10.8499,,none,17.611896696186246
1344,-13.88388,10.858448000000001,,none,17.625777055866333
1345,-13.895265,10.867343,,none,17.640224865343242
1346,-13.894281000000001,10.866570999999999,,none,17.638974170994242
1347,-13.873469,10.850251,,none,17.61252647569229
1348,-13.835104,10.820130999999998,,none,17.56375066857808
1349,-13.772668000000001,10.771208,,none,17.48443037726674
1350,-13.764821999999999,10.765066,,none,17.474466248673806
1351,-13.764821999999999,10.765066,,none,17.474466248673806
1352,-13.764735999999997,10.765,,none,17.4743578465618
1353,-13.752683999999999,10.755604,,none,17.459075995271686
1354,-13.753070000000001,10.755933,,none,17.45958273056344
1355,-13.752936,10.755854,,none,17.459428509817037
1356,-13.747954,10.751991,,none,17.45312435210948
1357,-13.731699,10.739319,,none,17.432513588417535
1358,-13.731696999999999,10.739319,,none,17.43251201300518
1359,-13.755342999999998,10.757840000000002,,none,17.46254799601848
1360,-13.768704,10.768308,,none,17.47952136136685
1361,-13.782592,10.779170999999998,,none,17.497153188039047
1362,-13.798485000000001,10.791588999999998,,none,17.517322325062867
1363,-13.747552,10.751698,,none,17.452627191225623
1364,-13.721307,10.731132,,none,17.41928413539641
1365,-13.691593000000001,10.707839,,none,17.38152855555489
1366,-13.646548000000005,10.672551,,none,17.32430711930221
1367,-13.608799,10.643025,,none,17.276382473568532
1368,-13.621030999999999,10.652629999999998,,none,17.291934866285523
1369,-13.633402,10.662329,,none,17.307654659076285
1370,-13.648615999999995,10.674242999999999,,none,17.3269784538016
1371,-13.659348,10.68265,,none,17.34061125818822
1372,-13.684119,10.702031999999999,,none,17.37206383062142
1373,-13.702690000000002,10.71656,,none,17.39564231265118
1374,-13.711781,10.723633999999999,,none,17.40716129522321
1375,-13.683846,10.70145,,none,17.37149024851397
1376,-13.659375,10.681985,,none,17.340222862779186
1377,-13.681167,10.699075,,none,17.367916868108104
1378,-13.720195,10.729694,,none,17.417522331596448
1379,-13.752552000000001,10.75511,,none,17.458667693292178
1380,-13.782334,10.778496,,none,17.496534128494478
1381,-13.799161,10.79172,,none,17.517935519413268
1382,-13.806792999999997,10.797715,,none,17.527640519079398
1383,-13.806427000000003,10.797428,,none,17.527175411957085
1384,-13.79866,10.791343,,none,17.517308627162137
1385,-13.789019000000003,10.783782,,none,17.50505638968024
1386,-13.770499999999995,10.769258,,none,17.4815213331267
1387,-13.753334999999995,10.755789,,none,17.459702764788005
1388,-13.749972,10.753191999999999,,none,17.45545382365202
1389,-13.760522000000002,10.761489999999998,,none,17.468876115325337
1390,-13.769917,10.768895,,none,17.480838472679565
1391,-13.756243,10.758303000000002,,none,17.463542164030127
1392,-13.747872000000003,10.751814,,none,17.45295071954826
1393,-13.731152,10.738755000000001,,none,17.431735260642558
1394,-13.681909000000001,10.700282999999999,,none,17.369245526630394
1395,-13.594557,10.632014,,none,17.258380622829158
1396,-13.593228,10.631012,,none,17.256716478059435
1397,-13.587231,10.626355,,none,17.249123654069674
1398,-13.554247,10.600577000000001,,none,17.2072613878542
1399,-13.507871999999999,10.564272,,none,17.148365778066665
1400,-13.463391,10.529446,,none,17.09187322342981
1401,-13.395778999999997,10.476521,,none,17.006010328124642
1402,-13.312673,10.411484,,none,16.900481102240402
1403,-13.230220999999998,10.346974,,none,16.795791695109727
1404,-13.230161,10.346926000000002,,none,16.795714862291423
1405,-13.217334000000001,10.336912,,none,16.779441819181592
1406,-13.2071,10.328926,,none,16.766460649865135
1407,-13.199136000000001,10.322714000000001,,none,16.756360448268353
1408,-13.238853999999996,10.353777000000001,,none,16.80678295805134
1409,-13.438569000000003,10.509888,,none,17.060272053525555
1410,-13.470745999999998,10.535029999999999,,none,17.101106832524493
1411,-13.47128,10.535447999999999,,none,17.10178497698717
1412,-13.471323000000002,10.535480999999999,,none,17.101839178044273
1413,-13.471323000000002,10.535480999999999,,none,17.101839178044273
1414,-13.471321,10.535480999999999,,none,17.101837602620424
1415,-13.471321,10.53548,,none,17.101836986576647
1416,-13.471314999999999,10.535474999999998,,none,17.101829180086263
1417,-13.471309000000002,10.53547,,none,17.101821373595886
1418,-13.471255999999999,10.535428,,none,17.10175375102565
1419,-13.471233999999999,10.535411,,none,17.10172594861925
1420,-13.471123,10.535325,,none,17.10158553283157
1421,-13.444752000000001,10.514710000000001,,none,17.068113039396124
1422,-13.412840000000001,10.48977,,none,17.02761144490031
1423,-13.384670000000002,10.467769,,none,16.99186802109353
1424,-13.328595,10.423947,,none,16.920700805014963
1425,-13.24148,10.355859,,none,16.81013409281083
1426,-13.246006,10.359409000000001,,none,16.815886232408836
1427,-13.239578,10.354385,,none,16.807727816284658
1428,-13.239573,10.35438,,none,16.807720797500444
1429,-13.239569,10.354377,,none,16.807715798522118
1430,-13.239569,10.354377,,none,16.807715798522118
1431,-13.239569,10.354377,,none,16.807715798522118
1432,-13.239569,10.354377,,none,16.807715798522118
1433,-13.239569,10.354377,,none,16.807715798522118
1434,-13.239569,10.354377,,none,16.807715798522118
1435,-13.239569,10.354377,,none,16.807715798522118
1436,-13.239569,10.354377,,none,16.807715798522118
1437,-13.239569,10.354377,,none,16.807715798522118
1438,-13.239569,10.354377,,none,16.807715798522118
1439,-13.239569,10.354377,,none,16.807715798522118
1440,-13.239569,10.354377,,none,16.807715798522118
1441,-13.239569,10.354377,,none,16.807715798522118
1442,-13.239569,10.354377,,none,16.807715798522118
1443,-13.239569,10.354377,,none,16.807715798522118
1444,-13.239569,10.354377,,none,16.807715798522118
1445,-13.239569,10.354377,,none,16.807715798522118
1446,-13.239569,10.354377,,none,16.807715798522118
1447,-13.239569,10.354377,,none,16.807715798522118
1448,-13.239569,10.354377,,none,16.807715798522118
1449,-13.239569,10.354377,,none,16.807715798522118
1450,-13.239569,10.354377,,none,16.807715798522118
1451,-13.239569,10.354377,,none,16.807715798522118
1452,-13.239569,10.354377,,none,16.807715798522118
1453,-13.239569,10.354377,,none,16.807715798522118
1454,-13.239569,10.354377,,none,16.807715798522118
1455,-13.239569,10.354377,,none,16.807715798522118
1456,-13.239569,10.354377,,none,16.807715798522118
1457,-13.239569,10.354377,,none,16.807715798522118
1458,-13.239569,10.354377,,none,16.807715798522118
1459,-13.239569,10.354377,,none,16.807715798522118
1460,-13.239569,10.354377,,none,16.807715798522118
1461,-13.239569,10.354377,,none,16.807715798522118
1462,-13.238698,10.353695,,none,16.80660955958188
1463,-13.217438999999999,10.337073,,none,16.779623712290153
1464,-13.193973000000002,10.318721,,none,16.749833629041515
1465,-13.152842,10.286555,,none,16.69761858604361
1466,-13.129891,10.268606,,none,16.668482440075852
1467,-13.129888000000001,10.268604,,none,16.66847884485444
1468,-13.129888000000001,10.268604,,none,16.66847884485444
1469,-13.129888000000001,10.268604,,none,16.66847884485444
1470,-13.129888000000001,10.268604,,none,16.66847884485444
1471,-13.129889,10.268604,,none,16.668479632562082
1472,-13.129912999999998,10.268623,,none,16.66851024248112
1473,-13.13241,10.270579,,none,16.671682140784146
1474,-13.146877,10.281906,,none,16.690055897029374
1475,-13.16662,10.297367999999999,,none,16.71513296243329
1476,-13.194102,10.318887,,none,16.75003750757511
1477,-13.227357999999999,10.344912999999998,,none,16.792266810580784
1478,-13.258206,10.369048,,none,16.831434364448562
1479,-13.273318,10.380872,,none,16.850622368610246
1480,-13.299299000000001,10.401197999999999,,none,16.88360961780996
1481,-13.300220999999999,10.401918,,none,16.884779439707376
1482,-13.300226,10.401924,,none,16.88478707454885
1483,-13.300227999999995,10.401924,,none,16.884788649958278
1484,-13.300227999999995,10.401924,,none,16.884788649958278
1485,-13.300227999999995,10.401924,,none,16.884788649958278
1486,-13.300227999999995,10.401924,,none,16.884788649958278
1487,-13.300227999999995,10.401924,,none,16.884788649958278
1488,-13.300227999999995,10.401924,,none,16.884788649958278
1489,-13.300227999999995,10.401924,,none,16.884788649958278
1490,-13.300227999999995,10.401924,,none,16.884788649958278
1491,-13.300227999999995,10.401924,,none,16.884788649958278
1492,-13.300227999999995,10.401924,,none,16.884788649958278
1493,-13.300227999999995,10.401924,,none,16.884788649958278
1494,-13.300227999999995,10.401924,,none,16.884788649958278
1495,-13.300134,10.401849,,none,16.884668401741177
1496,-13.264306999999999,10.373784,,none,16.83915777789688
1497,-13.225839,10.343634999999999,,none,16.790282971622187
1498,-13.165859000000001,10.296652,,none,16.714092425764104
1499,-13.047077999999999,10.203661499999999,,none,16.56324099760268
1500,-12.816638000000001,10.0233417,,none,16.270635773011545
1501,-12.76807,9.985377,,none,16.208990263339324
1502,-12.668169,9.907269,,none,16.082179107662057
1503,-12.582275,9.840108,,none,15.973145264076484
1504,-12.47404,9.755472,,none,15.835747783555535
1505,-12.374363,9.6775214,,none,15.709210040712646
1506,-12.373884,9.677147999999999,,none,15.70860269595485
1507,-12.315145,9.631173,,none,15.63401067311117
1508,-12.270990999999999,9.5965753,,none,15.577916343678671
1509,-12.21406,9.551971,,none,15.505592915733374
1510,-12.201571,9.542110000000001,,none,15.489680375015523
1511,-12.350166,9.65823,,none,15.678265432134257
1512,-12.553096,9.816905,,none,15.935866558309309
1513,-12.767892999999999,9.984869999999999,,none,16.208538508340254
1514,-12.939899,10.1193976,,none,16.42690457502833
1515,-13.094450000000002,10.240308,,none,16.623132338321923
1516,-13.094451,10.24031,,none,16.62313435810169
1517,-13.094451,10.24031,,none,16.62313435810169
1518,-13.094451,10.24031,,none,16.62313435810169
1519,-13.09446,10.240317,,none,16.62314575981601
1520,-13.099435000000001,10.244208,,none,16.629461652936605
1521,-13.106713,10.249901999999999,,none,16.638702373501754
1522,-13.113475000000001,10.255195,,none,16.64728960112276
1523,-13.123867,10.263324,,none,16.66048332320119
1524,-13.129763,10.267937,,none,16.667969482577597
1525,-13.146119,10.280725,,none,16.688731266569846
1526,-13.155691,10.288213,,none,16.700884180810608
1527,-13.151772000000001,10.285136999999999,,none,16.695902187325878
1528,-13.152704000000002,10.285853,,none,16.69707742238818
1529,-13.125016,10.264175,,none,16.66191265824188
1530,-13.101338,10.245636999999999,,none,16.631840996294216
1531,-13.10154,10.245797,,none,16.632098681068754
1532,-13.103728,10.247511999999999,,none,16.63487870975103
1533,-13.122606000000001,10.26231,,none,16.65886535053741
1534,-13.130673,10.268684,,none,16.669146484591977
1535,-13.089856,10.236828000000001,,none,16.617369755840425
1536,-13.101194,10.245745,,none,16.63179409536629
1537,-13.103787,10.247844,,none,16.635129707630927
1538,-13.077605,10.227419,,none,16.601923139732516
1539,-13.201436000000001,10.324362,,none,16.75918742568207
1540,-13.385955,10.468715999999999,,none,16.993463624308053
1541,-13.431246000000002,10.504126000000001,,none,17.050953994905743
1542,-13.424038000000001,10.498483,,none,17.041799832374895
1543,-13.432875,10.505388,,none,17.05301462487407
1544,-13.490398,10.550438,,none,17.12607894966761
1545,-13.575969,10.617416,,none,17.23474562637978
1546,-13.670061,10.691051999999999,,none,17.354226015885153
1547,-13.745123000000001,10.749799000000001,,none,17.449543971850098
1548,-13.708595,10.721241,,none,17.403177452813207
1549,-13.716849999999999,10.727592,,none,17.413592508180614
1550,-13.677601,10.696852,,none,17.363738417319727
1551,-13.434872,10.506608000000002,,none,17.055339261417465
1552,-13.398685,10.478438,,none,17.009480375633732
1553,-13.587687,10.626584000000001,,none,17.24962392398817
1554,-13.587308000000005,10.626394,,none,17.249208333430847
1555,-13.567405000000003,10.610914000000001,,none,17.223994146231618
1556,-13.69732,10.712598,,none,17.388971536350386
1557,-13.829661000000002,10.815995000000001,,none,17.55691519643887
1558,-13.852123999999998,10.833533,,none,17.585413744733586
1559,-13.887754,10.861372,,none,17.630629962848747
1560,-13.934892999999999,10.898215,,none,17.690458815634884
1561,-13.955225,10.914056,,none,17.71623332347373
1562,-13.929511999999999,10.89386,,none,17.683537266557956
1563,-13.939076,10.901332,,none,17.695674022427063
1564,-13.937905,10.900433,,none,17.694197788442235
1565,-13.955691,10.914431,,none,17.716831413693644
1566,-13.967428999999996,10.923701000000001,,none,17.731788302577996
1567,-13.985549,10.937940000000001,,none,17.754833490489318
1568,-14.022185,10.966652999999999,,none,17.801380569962376
1569,-14.04569,10.985063,,none,17.831237104869338
1570,-14.059109000000001,10.995569,,none,17.848279567163946
1571,-14.07731,11.009807,,none,17.87138794311592
1572,-14.086848,11.017268,,none,17.88349744202537
1573,-14.088838,11.018828000000001,,none,17.886026017084625
1574,-14.095011999999999,11.023656,,none,17.893863609809927
1575,-14.099498,11.027156,,none,17.899553438573264
1576,-14.103373999999999,11.030186,,none,17.904473222590827
1577,-14.104583,11.031129,,none,17.906006495545846
1578,-14.105189000000001,11.031603,,none,17.906775853718894
1579,-14.103152,11.030011,,none,17.904190542865237
1580,-14.100513000000001,11.027947999999999,,none,17.900840872815806
1581,-14.090174999999999,11.019874999999999,,none,17.887724185771926
1582,-14.082579,11.013958,,none,17.878095595364876
1583,-14.077192,11.009792,,none,17.871285753636418
1584,-14.080322,11.012261,,none,17.87527230438197
1585,-14.079495999999999,11.011665,,none,17.874254493159736
1586,-14.074122,11.007562,,none,17.86749370378308
1587,-14.059368999999997,10.99624,,none,17.848897747921605
1588,-14.016068999999998,10.962902,,none,17.794252175193115
1589,-13.969802,10.927236,,none,17.735835320584705
1590,-13.96375,10.922555,,none,17.728184390696217
1591,-13.941296,10.905202999999998,,none,17.699807530897758
1592,-13.942983,10.906483000000001,,none,17.701924933960658
1593,-13.959908,10.919517,,none,17.723286458265946
1594,-13.968602,10.926162,,none,17.734228426538554
1595,-13.979911999999999,10.934849999999999,,none,17.74848962729629
1596,-13.986967,10.940262,,none,17.757380958005406
1597,-13.998705,10.949349,,none,17.772225105507356
1598,-14.000664000000002,10.950883,,none,17.774713244398207
1599,-14.008170999999997,10.956719,,none,17.78422182751334
1600,-14.015492999999998,10.962405,,none,17.793492277152172
1601,-14.036709999999998,10.978733,,none,17.820263912450596
1602,-14.032013999999998,10.975121,,none,17.81433966951447
1603,-14.012664,10.960205,,none,17.789908544422623
1604,-14.012089000000001,10.959763,,none,17.789183319087194
1605,-14.007829999999998,10.956494,,none,17.7838146099462
1606,-14.013085,10.960569,,none,17.790464412740494
1607,-14.017420999999999,10.963918000000001,,none,17.795943060202372
1608,-14.011396,10.959266,,none,17.788331263150347
1609,-13.993558000000005,10.945509999999999,,none,17.76580577005907
1610,-14.006732,10.955675000000001,,none,17.782445164415634
1611,-13.994846000000003,10.94652,,none,17.767442547370628
1612,-13.982413,10.936937,,none,17.751745385863835
1613,-13.977112,10.93285,,none,17.745051957744277
1614,-13.977094999999998,10.932837,,none,17.745030558091297
1615,-13.977213999999998,10.932929999999999,,none,17.745181587876072
1616,-13.982246,10.936853000000001,,none,17.751562093182816
1617,-13.986031,10.939767,,none,17.756338731485442
1618,-13.998357,10.949185,,none,17.771849956143395
1619,-14.006593,10.955419,,none,17.78217795809079
1620,-13.983655,10.937626999999999,,none,17.753148778460513
1621,-13.993115,10.944901,,none,17.765081629506405
1622,-14.031207999999998,10.974268,,none,17.81317928038361
1623,-14.064877,11.000286000000001,,none,17.855728971591304
1624,-14.075278,11.00835,,none,17.868889738866933
1625,-14.077157999999999,11.009804999999998,,none,17.871266980686872
1626,-14.076902999999998,11.009602,,none,17.870941057197097
1627,-14.078811,11.011081999999998,,none,17.873355756109287
1628,-14.081605999999999,11.013251,,none,17.876893609579852
1629,-14.083850000000002,11.014988,,none,17.87973130286482
1630,-14.080414999999999,11.012307,,none,17.875373899151704
1631,-14.07306,11.006567,,none,17.86604418692311
1632,-14.071718,11.005519999999999,,none,17.864342079738734
1633,-14.069137000000001,11.003505,,none,17.861067667129927
1634,-14.065,11.000271,,none,17.85581661737824
1635,-14.063584,10.999163000000001,,none,17.85401864078855
1636,-14.064573999999999,10.999929,,none,17.85527036497955
1637,-14.065201,11.000414000000001,,none,17.856063041493694
1638,-14.065137,11.000361,,none,17.85597997756186
1639,-14.065137,11.000361,,none,17.85597997756186
1640,-14.065137,11.000363,,none,17.855981209682596
1641,-14.065137,11.000363,,none,17.855981209682596
1642,-14.065137,11.000363,,none,17.855981209682596
1643,-14.06509,11.000325,,none,17.85592077753833
1644,-14.064893000000001,11.00017,,none,17.85567011148977
1645,-14.061572000000002,10.997575999999999,,none,17.85145610270938
1646,-14.061416,10.997456,,none,17.85125929443052
1647,-14.061411,10.997454,,none,17.85125412381542
1648,-14.060901,10.997056,,none,17.850607205328814
1649,-14.059937,10.996304,,none,17.849384586152684
1650,-14.059890999999999,10.996268,,none,17.849326173828103
1651,-14.059892999999999,10.996269999999999,,none,17.84932898134686
1652,-14.064729999999999,11.000043,,none,17.855463476895494
1653,-14.062738999999999,10.998462,,none,17.852921176870886
1654,-14.065277000000002,11.000432,,none,17.856133995726875
1655,-14.064596,10.999889000000001,,none,17.855263051983776
1656,-14.060869,10.996958,,none,17.85052162512135
1657,-14.058877000000003,10.995386000000002,,none,17.847984081966374
1658,-14.06154,10.997456999999999,,none,17.851357585305635
1659,-14.063435,10.998942,,none,17.85376512443773
1660,-14.057266,10.994114,,none,17.845931470218975
1661,-14.049899,10.988342,,none,17.83657259170508
1662,-14.044535999999999,10.984158,,none,17.829770565665168
1663,-14.039519999999998,10.980225,,none,17.823396502379254
1664,-14.029502,10.972366,,none,17.8106637160427
1665,-14.032092,10.974412,,none,17.81396431573298
1666,-14.043545999999997,10.983396,,none,17.82852130567569
1667,-14.042351000000004,10.982484999999999,,none,17.82701877438923
1668,-14.04474,10.984369,,none,17.830061244868478
1669,-14.046377000000001,10.985667000000001,,none,17.832150354374484
1670,-14.046686999999999,10.985926999999998,,none,17.832554716733604
1671,-14.042661,10.982792,,none,17.827452091540874
1672,-14.039553000000002,10.980364,,none,17.823508128657082
1673,-14.032056,10.974504,,none,17.813992635935158
1674,-14.030288,10.973115,,none,17.811744276352304
1675,-14.029103,10.972173,,none,17.810230524239095
1676,-14.025728999999998,10.969513999999998,,none,17.805934723502638
1677,-14.027150999999998,10.970603,,none,17.807725721169728
1678,-14.032518,10.974797,,none,17.81453705858036
1679,-14.035461,10.977103,,none,17.81827589176714
1680,-14.033031000000001,10.975206,,none,17.815193116814562
1681,-14.020101,10.965098000000001,,none,17.798781031289895
1682,-14.016613999999999,10.96237,,none,17.794353712396973
1683,-14.009869000000002,10.957089000000002,,none,17.785787268239833
1684,-14.014735999999997,10.960887,,none,17.791960796282822
1685,-14.028405,10.971565,,none,17.80930614575565
1686,-14.052239,10.990219,,none,17.83957215241111
1687,-14.067239999999996,11.001963,,none,17.858623437179276
1688,-14.069517999999999,11.003756000000001,,none,17.861522411593587
1689,-14.065034,11.000261,,none,17.855837238541266
1690,-14.066505999999999,11.001409,,none,17.85770396868861
1691,-14.067054000000006,11.001836,,none,17.858398685487234
1692,-14.073248000000001,11.006670999999999,,none,17.866256344621977
1693,-14.076395,11.009126000000002,,none,17.870247661403607
1694,-14.080881,11.012626000000001,,none,17.87593749015802
1695,-14.083125999999995,11.014375,,none,17.87878336387856
1696,-14.084075000000006,11.015111,,none,17.879984310618006
1697,-14.075621000000002,11.008502,,none,17.869253560785495
1698,-14.073032000000001,11.006472,,none,17.865963605689117
1699,-14.071375,11.005180000000001,,none,17.863862438538455
1700,-14.063457000000001,10.998999,,none,17.853817569160103
1701,-14.051718000000001,10.989849,,none,17.83893381887844
1702,-14.040672999999996,10.981237,,none,17.824928172172193
1703,-14.033320000000002,10.975508999999999,,none,17.81560742808061
1704,-14.024517000000001,10.968639000000001,,none,17.80444097958737
1705,-14.023296,10.967686,,none,17.802892093651863
1706,-14.006863000000001,10.954852,,none,17.782041318214088
1707,-14.010382,10.957619999999999,,none,17.786518485929843
1708,-14.001062,10.950356,,none,17.77470206936195
1709,-13.981603,10.935184,,none,17.75002736796383
1710,-13.947415000000001,10.908536,,none,17.706680740486654
1711,-13.937437,10.900776,,none,17.69404045239936
1712,-13.932465,10.896912,,none,17.68774355625864
1713,-13.978036999999999,10.932455,,none,17.74553720517905
1714,-14.026785999999994,10.970469000000001,,none,17.807355659102136
1715,-14.01216,10.95903,,none,17.788787659829435
1716,-14.030908,10.973655,,none,17.812565322364126
1717,-14.056238000000002,10.993428,,none,17.84469909815876
1718,-14.055905000000003,10.993204,,none,17.844298796944674
1719,-14.045112,10.984803,,none,17.830621639229324
1720,-14.036799,10.978333,,none,17.820087587475264
1721,-14.029719,10.972789,,none,17.81109524025634
1722,-13.979443000000002,10.93356,,none,17.747325456638503
1723,-13.754628,10.758042,,none,17.462109239497615
1724,-11.493276000000002,10.286287,,none,15.42410754172004
1725,-12.20828,10.351906,,none,16.006375554485658
1726,-12.415737,10.374640999999999,,none,16.179731182317276
1727,-9.783833,10.151176,,none,14.09857306094716
1728,-3.4601816000000003,9.576867,,none,10.182791279441387
1729,-1.9044019,9.422931,,none,9.613447624420939
1730,-0.6708805999999999,9.29403,,none,9.318211975500255
1731,-0.45376130000000003,9.2716425,,none,9.282739572194403
1732,-0.15918794,9.245297,,none,9.246667368217073
1733,0.23433851,9.209522,,none,9.2125029175438
1734,0.4018721,9.198576000000001,,none,9.207350412172572
1735,0.45725403,9.195009,,none,9.206371258972357
1736,0.6158772299999999,9.179886,,none,9.200522362095995
1737,0.731593,9.1676904,,none,9.19683508539221
1738,0.924223,9.1479755,,none,9.194544246580644
1739,1.12656784,9.1277216,,none,9.196980847279656
1740,1.3270411999999998,9.1076697,,none,9.203840812986476
1741,1.4954399,9.090075,,none,9.212263782596382
1742,1.6083283999999998,9.076025,,none,9.21742643273444
1743,2.2547449,9.0058,,none,9.283765841730178
1744,4.4779974,8.741893,,none,9.822074828561211
1745,5.4884094,8.6150494,,none,10.214779190293285
1746,6.2812476,8.521855,,none,10.58659926763693
1747,11.681638,7.8858527,,none,14.094230705119783
1748,14.899607000000001,7.4610547,,none,16.663301773383363
1749,15.288767000000005,7.413277000000001,,none,16.991264586811017
1750,15.194744,7.447956999999999,,none,16.921947544517003
1751,14.499155999999997,7.570733000000001,,none,16.356696575703328
1752,14.479978000000001,7.5720795,,none,16.340322849772715
1753,14.485536999999999,7.571331,,none,16.344902425219
1754,14.627832000000001,7.5522230000000015,,none,16.462367425797332
1755,14.691073,7.543851,,none,16.514760482717573
1756,14.721192999999998,7.538539000000001,,none,16.539138236249492
1757,14.161189,7.600395000000001,,none,16.071878485408792
1758,12.465798,7.799305000000001,,none,14.704600581444877
1759,9.238340500000001,8.192161999999998,,none,12.34740674911879
1760,10.057912,8.0919556,,none,12.908963522766472
1761,9.918659,8.108184,,none,12.811028223219907
1762,9.386603000000001,8.17355,,none,12.44649490748737
1763,8.842175,8.238584600000001,,none,12.085459649594721
1764,8.769147,8.247644000000001,,none,12.038337537149596
1765,8.395376599999999,8.29356,,none,11.801079854378902
1766,7.7319525,8.3728925,,none,11.39686001839158
1767,6.6066876,8.503609599999999,,none,10.768458444605983
1768,5.6898159999999995,8.609233,,none,10.319539668131762
1769,4.9908093000000004,8.6878955,,none,10.01936653126767
1770,4.7154828,8.719453999999999,,none,9.912853075437557
1771,4.6029178,8.731731,,none,9.870662517273997
1772,4.7095038,8.7189355,,none,9.90955409165189
1773,5.436399,8.635516,,none,10.2042427780535
1774,5.1011337,8.673926400000001,,none,10.062731449158955
1775,4.4522726,8.749084500000002,,none,9.816782104786224
1776,2.9146954,8.931121000000001,,none,9.394699121920945
1777,-0.05806671999999999,9.229327399999999,,none,9.229510062856116
1778,-2.6089350000000002,9.4721136,,none,9.824839840197395
1779,-5.5687744,9.739214500000001,,none,11.2188924317468
1780,-7.581147999999998,9.930045999999999,,none,12.49318288347769
1781,-8.2433246,9.993257,,none,12.954442710090394
1782,-13.136108,10.468545999999998,,none,16.797255393122413
1783,-13.857059999999999,10.838446,,none,17.592328542251476
1784,-13.710664,10.724368,,none,17.406733648801545
1785,-13.836484,10.821990000000001,,none,17.56598295121443
1786,-13.926481,10.892175,,none,17.680111687259952
1787,-13.967509,10.924219,,none,17.732170437513904
1788,-13.925126,10.891183000000002,,none,17.678433223998248
1789,-13.802717000000003,10.795723,,none,17.523202666031633
1790,-13.595498,10.634061999999998,,none,17.260383555641166
1791,-12.689430999999999,10.376479999999999,,none,16.391857621824347
1792,-11.714011000000001,10.282903,,none,15.58705064518397
1793,-9.813067,10.108124,,none,14.087954242751678
1794,-8.685666000000001,10.014612,,none,13.256441731252773
1795,-8.894604000000001,10.032456700000001,,none,13.407616035455034
1796,-9.25072,10.0624615,,none,13.668538764527181
1797,-9.4269336,10.077430399999999,,none,13.799336236415616
1798,-9.722999999999999,10.0988525,,none,14.01868577352229
1799,-9.8657745,10.1086285,,none,14.125079703699463
1800,-9.89468,10.1105804,,none,14.146679056487573
1801,-9.2321454,10.053279400000001,,none,13.649210064366565
1802,-8.0618634,9.949313,,none,12.805564050530089
1803,-7.1875275,9.873749,,none,12.212758528614954
1804,-6.869784500000001,9.8462897,,none,12.005971844576612
1805,-6.3821747,9.803926,,none,11.69825281462134
1806,-6.600942399999999,9.823814,,none,11.835529649099518
1807,-7.04862,9.861021,,none,12.121170697042468
1808,-8.0385065,9.94769,,none,12.789609966165592
1809,-10.604321,10.186602,,none,14.704369560693346
1810,-12.106900000000001,10.293420000000001,,none,15.891240445805359
1811,-10.577228999999999,10.1455536,,none,14.656398983683337
1812,-8.181042999999999,9.907905,,none,12.848970622461318
1813,-6.767233,9.759001,,none,11.875754417900785
1814,-4.2742626999999995,9.4881165,,none,10.406424762913703
1815,-1.0181456,9.172839,,none,9.229170915240456
1816,1.7937226999999998,8.890975000000001,,none,9.07010901671641
1817,2.9624988,8.7737354,,none,9.260390489024456
1818,3.6902118,8.702399,,none,9.452481763222833
1819,4.563984,8.609665,,none,9.744551368045684
1820,5.225372999999999,8.531441,,none,10.004499414044162
1821,5.088048,8.5370184,,none,9.93825515934475
1822,4.7126837,8.565643999999999,,none,9.776484275596298
1823,4.2986203,8.560587,,none,9.579237248765743
1824,3.8194207999999996,8.409422,,none,9.236143871852398
1825,3.9447742,7.491429,,none,8.466566715678004
1826,2.3869249999999997,7.632183,,none,7.996726098917857
1827,0.7680736,7.765419299999999,,none,7.8033117302738475
1828,-1.24597404,7.770255,,none,7.869518033105898
1829,-2.0869855999999998,8.144882,,none,8.408008782615024
1830,-1.12375145,7.940517,,none,8.019640113413201
1831,0.87024,7.251639,,none,7.303669341086096
1832,2.6075253,6.586054000000001,,none,7.0834522290374835
1833,3.5669705,6.809042999999999,,none,7.686764281784582
1834,4.1606192,7.0608460000000015,,none,8.195504765609295
1835,4.075665,7.283169599999999,,none,8.345993327015613
1836,3.96893,7.6406586,,none,8.609998210606896
1837,3.6563864,8.0768353,,none,8.865913938756178
1838,3.4781876,8.3098846,,none,9.008438879523517
1839,3.2211806999999997,8.536445,,none,9.123973823947408
1840,2.7853586000000004,8.737437,,none,9.170661255305582
1841,2.2584496,8.783475,,none,9.069180099180143
1842,2.2460332,8.7580475,,none,9.04146344060288
1843,1.8999811,8.8333,,none,9.035326063311562
1844,1.9342894000000002,8.830299700000001,,none,9.039671911898822
1845,2.0193486,8.7026776,,none,8.93388863697459
1846,2.0214668000000002,8.672776,,none,8.90524404885561
1847,2.326075,8.548688,,none,8.859497244594019
1848,2.6040128,8.475667,,none,8.866668695595479
1849,2.6898505,8.461811,,none,8.879050687549388
1850,2.3898155,8.5482025,,none,8.875977923871064
1851,2.245471,8.620655999999999,,none,8.908302300785317
1852,2.2021187,8.601276,,none,8.878697854813266
1853,1.5247432,8.717521999999999,,none,8.8498605438973
1854,2.1456532000000004,8.6087067,,none,8.872071838150047
1855,2.0122383,8.6314594,,none,8.862911166757526
1856,1.7618217,8.673760999999999,,none,8.850883887370339
1857,1.4860918,8.683974,,none,8.810214144429363
1858,0.8552662999999998,8.716662,,none,8.758520244091446
1859,0.25458525000000004,8.6827057,,none,8.686437239877465
1860,-0.7641916000000001,8.652767,,none,8.686447234502698
1861,-1.7314656,8.566372699999999,,none,8.739606075750132
1862,-1.3437212,8.4954877,,none,8.601098646346333
1863,-0.9625400000000001,8.396595999999999,,none,8.451586101958377
1864,-0.6243708800000001,8.243951,,none,8.267561132897232
1865,-0.4664804,8.066869500000001,,none,8.080345753345856
1866,-0.61237747,7.986072,,none,8.009516349627335
1867,-0.7660307000000001,7.898759,,none,7.9358173349330245
1868,-0.7853496,7.887436,,none,7.926438080772231
1869,-0.78329666,7.8886835,,none,7.9274763336600005
1870,-0.77822395,7.891616999999999,,none,7.929896051717361
1871,-0.7884154999999999,7.885643,,none,7.924958329485983
1872,-0.7884191,7.885673,,none,7.92498853880394
1873,-0.7882015,7.8867096000000005,,none,7.925998354739573
1874,-0.7882184999999999,7.887775999999999,,none,7.927061159718539
1875,-0.7880964,7.8892645,,none,7.928530146669887
1876,-0.7868764500000001,7.895348,,none,7.934462463750686
1877,-0.79042305,7.918704,,none,7.958055141652847
1878,-0.8205155000000002,7.9492579999999995,,none,7.991492253409512
1879,-0.99618416,8.0091504,,none,8.070865691513832
1880,-1.5398070000000001,8.073005,,none,8.218540948810439
1881,-2.4890427,8.286119,,none,8.651884282893771
1882,-3.702007,8.501562,,none,9.27261625798744
1883,-4.813176,8.715,,none,9.955796713823359
1884,-5.108916,8.8842676,,none,10.248474690580338
1885,-4.3928557999999995,9.0194794,,none,10.032357186953522
1886,-2.8292413,8.900572,,none,9.33942119517102
1887,-1.0314638999999999,8.765522999999998,,none,8.82600199640427
1888,1.2133899,8.561578399999998,,none,8.647134771053851
1889,0.9906315600000001,8.563968,,none,8.62107294904132
1890,0.54771652,8.587670000000001,,none,8.605118791462495
1891,-0.10149537,8.5832477,,none,8.583847761329805
1892,-1.0133884,8.5920984,,none,8.65165365491113
1893,-2.1754474,8.540052000000001,,none,8.81277819719019
1894,-2.396811,8.413488,,none,8.748227437364953
1895,-1.9530687,7.7661884,,none,8.008005969728934
1896,-1.0124975999999999,6.166822,,none,6.249387567569302
1897,-0.8854671999999999,4.0277417,home_120,home,4.123924752489397
1898,-0.8522383000000002,3.0037122,home_120,home,3.122274347397379
1899,-0.8383932000000001,2.8410953,home_120,home,2.962216342789353
1900,-0.8203148,2.7112169999999995,home_120,home,2.8325984523380714
1901,-0.69930115,2.5660297,home_120,home,2.659610971490645
1902,0.6530173,2.4938553,home_120,home,2.5779344156586643
1903,3.0408398,2.8083902,home_120,home,4.139294892215349
1904,5.393409,3.2864019999999994,,none,6.315797554298665
1905,5.28129,2.8585352,,none,6.0052683165483165
1906,5.3493536,3.0218427,,none,6.143868263673648
1907,6.1062213,4.649793,,none,7.6750578830014495
1908,6.105275000000001,6.52721,,none,8.937497032711397
1909,6.171164999999999,6.617566500000001,,none,9.048506166166172
1910,6.296746000000001,6.762268000000001,,none,9.239982613205504
1911,6.494085999999999,6.8645496,,none,9.44961344110203
1912,6.503003,6.9633519999999995,,none,9.527713214298224
1913,6.5030493,7.086701000000001,,none,9.618262902501236
1914,6.434819,7.214951999999999,,none,9.667596801949541
1915,6.3609705,7.339092399999999,,none,9.712065843969963
1916,6.419176,7.456627000000001,,none,9.839060256757504
1917,6.460292400000001,7.6472894,,none,10.010814805042102
1918,6.38418,7.733623700000001,,none,10.02829446145264
1919,6.4640200000000005,7.758034,,none,10.098051599469871
1920,6.7150183,7.7592740000000004,,none,10.26147181336142
1921,7.132872,7.7168585,,none,10.50846173697208
1922,7.618504000000001,7.657169999999999,,none,10.801567275489052
1923,8.010845,7.5610956,,none,11.015616382498274
1924,7.683960600000001,7.746523,,none,10.911089271556776
1925,7.252637,7.8179987,,none,10.664044595132312
1926,6.8924520000000005,7.796936600000001,,none,10.406638021797606
1927,6.646540500000001,7.767150000000002,,none,10.222774561763567
1928,6.6449994000000006,7.768876000000001,,none,10.2230842376152
1929,6.629043,7.8042609999999994,,none,10.239663121996252
1930,6.607839,7.839627699999999,,none,10.252965362495296
1931,6.568192,7.892003999999999,,none,10.267661529524625
1932,6.4840480000000005,7.9503986,,none,10.259225914521327
1933,6.3827893,8.0081573,,none,10.240633895894227
1934,6.411753,7.880769699999998,,none,10.15958205820727
1935,6.2584550000000005,7.853339,,none,10.042071122828498
1936,6.053168299999999,7.7296770000000015,,none,9.81777739574767
1937,5.4072565,7.6621483999999995,,none,9.378003036916484
1938,4.6318283000000005,7.57851,,none,8.881871830913846
1939,4.002327300000001,7.5172419999999995,,none,8.516310885758534
1940,3.3571924,7.364786400000001,,none,8.093875433205204
1941,2.730333,7.013891999999999,,none,7.5265795205094985
1942,2.7301819999999997,6.9399066000000005,,none,7.457626792073171
1943,2.6946335,6.7322310000000005,,none,7.251481499437426
1944,2.8079520000000002,6.601896,,none,7.174233424493519
1945,3.1776350000000004,6.764827,,none,7.473971403019549
1946,3.3357647999999993,7.221990399999999,,none,7.955153809865098
1947,2.9552945,7.111930999999999,,none,7.701514664693644
1948,2.9522980000000003,7.148429599999999,,none,7.734087485085759
1949,2.9519713999999997,7.148330699999999,,none,7.7338714071919
1950,3.2570248,7.279642300000001,,none,7.975048749930269
1951,3.6394189999999993,7.537146,,none,8.369823204995253
1952,4.0607299999999995,7.8755,,none,8.860757777013205
1953,4.4122992,8.18877,,none,9.301845964281533
1954,4.6652960000000006,8.3951996,,none,9.604392905928837
1955,4.655657,8.391956,,none,9.596878013582595
1956,4.642352,8.387203,,none,9.586271759923823
1957,4.155373,8.435421999999999,,none,9.403375409246031
1958,3.4922359999999997,8.508788500000001,,none,9.1975645698972
1959,2.5430862,8.6285565,,none,8.99551414285602
1960,1.6972696999999999,8.7462384,,none,8.909400124821683
1961,0.8964708,8.843300000000001,,none,8.888622772131386
1962,0.42297866999999995,8.8772675,,none,8.88733870299941
1963,-0.32312179999999996,8.904029000000001,,none,8.909890017866454
1964,-0.44527313,8.8350085,,none,8.846221982031215
1965,-0.6925159999999999,8.801896999999999,,none,8.829097870613111
1966,-2.1649263,8.9372565,,none,9.19573051101564
1967,-5.5082043,8.8688586,,none,10.440161276404329
1968,-6.395354,8.5674536,,none,10.691202643925003
1969,-7.555252,9.299983499999998,,none,11.98213361149742
1970,-9.2006213,9.822039,,none,13.458227313563057
1971,-10.793208,10.107806,,none,14.78719314355838
1972,-11.948743,10.256594,,none,15.747068926021916
1973,-12.856941,10.383885,,none,16.526524122473727
1974,-13.123339000000001,10.455797,,none,16.77932410480619
1975,-12.770662,10.420026,,none,16.482316274083566
1976,-13.213883000000001,10.489906000000001,,none,16.871420563382475
1977,-13.337964999999999,10.519269999999999,,none,16.986946508249353
1978,-13.464851000000001,10.55777,,none,17.110485668884476
1979,-13.238236000000002,10.494482,,none,16.893343210863268
1980,-12.740197,10.416979,,none,16.45679407069463
1981,-12.247832,10.365325,,none,16.045228295535374
1982,-12.072802,10.348273999999998,,none,15.900922077360166
1983,-11.843556000000001,10.327549,,none,15.713945623952535
1984,-11.534032999999999,10.301001000000001,,none,15.464298847574371
1985,-11.220422000000001,10.277114,,none,15.215680794071622
1986,-10.782675999999999,10.237236000000001,,none,14.868325482066632
1987,-9.954489,10.1589703,,none,14.223098425005823
1988,-10.000788,10.1638605,,none,14.259025944446705
1989,-10.423535,10.203746,,none,14.586518238727876
1990,-9.4786383,10.120134,,none,13.865846393213177
1991,-6.771519,9.857309,,none,11.959097386042226
1992,-3.9245578,9.5764606,,none,10.349432426413209
1993,-2.7602789999999997,9.4651263,,none,9.859399374850005
1994,-1.4305168000000001,9.3508026,,none,9.459592357985041
1995,-0.9493768,9.3119165,,none,9.360187242323228
1996,-0.09417893,9.234406,,none,9.23488623880619
1997,0.981134,9.13344,,none,9.185986618733777
1998,1.6223088,9.068737,,none,9.212701917338173
1999,2.4240880000000002,8.983357,,none,9.304671172115272
